"provincia","seccion","hoja","n_esperados","n_presentes","n_faltantes","n_ajenos","faltantes","ajenos"
"Agroindustrial del Occidente","01_Generalidades","distribucion_territorial",6,6,0,0,"",""
"Agroindustrial del Occidente","01_Generalidades","_mapa01_area",6,6,0,0,"",""
"Agroindustrial del Occidente","02_Demografia","poblacion",6,6,0,0,"",""
"Agroindustrial del Occidente","02_Demografia","estructura_edad",6,6,0,0,"",""
"Agroindustrial del Occidente","02_Demografia","natalidad_mortalidad",6,6,0,0,"",""
"Agroindustrial del Occidente","02_Demografia","migracion",6,6,0,0,"",""
"Agroindustrial del Occidente","02_Demografia","_mapa02_densidad",6,6,0,0,"",""
"Agroindustrial del Occidente","03_Ordenamiento","deficit_vivienda",6,6,0,0,"",""
"Agroindustrial del Occidente","03_Ordenamiento","servicios_publicos",6,6,0,0,"",""
"Agroindustrial del Occidente","03_Ordenamiento","vias_area",6,6,0,0,"",""
"Agroindustrial del Occidente","03_Ordenamiento","vias_habitantes",6,6,0,0,"",""
"Agroindustrial del Occidente","03_Ordenamiento","catastro",6,6,0,0,"",""
"Agroindustrial del Occidente","03_Ordenamiento","imca",6,6,0,0,"",""
"Agroindustrial del Occidente","03_Ordenamiento","gobierno_digital",6,6,0,0,"",""
"Agroindustrial del Occidente","03_Ordenamiento","tti_edsup",6,6,0,0,"",""
"Agroindustrial del Occidente","03_Ordenamiento","internet_2025",6,6,0,0,"",""
"Agroindustrial del Occidente","03_Ordenamiento","uso_suelo_rural",6,6,0,0,"",""
"Agroindustrial del Occidente","03_Ordenamiento","_mapa03_deficit_vivienda",6,6,0,0,"",""
"Agroindustrial del Occidente","04_Gobernabilidad","mdm",6,6,0,0,"",""
"Agroindustrial del Occidente","04_Gobernabilidad","idf",6,6,0,0,"",""
"Agroindustrial del Occidente","04_Gobernabilidad","ley617",6,6,0,0,"",""
"Agroindustrial del Occidente","04_Gobernabilidad","icm",6,6,0,0,"",""
"Agroindustrial del Occidente","05_Economia","extranjeros_municipio",6,6,0,0,"",""
"Agroindustrial del Occidente","05_Economia","ecv_pobreza",6,6,0,0,"",""
"Agroindustrial del Occidente","05_Economia","ecv_ipm",6,6,0,0,"",""
"Agroindustrial del Occidente","05_Economia","ecv_gini",6,6,0,0,"",""
"Agroindustrial del Occidente","05_Economia","ecv_ocupacion_informal",6,6,0,0,"",""
"Agroindustrial del Occidente","05_Economia","ecv_desocupacion_nini",6,6,0,0,"",""
"Agroindustrial del Occidente","05_Economia","turismo_instrumentos",6,6,0,0,"",""
"Agroindustrial del Occidente","05_Economia","dependencia_economica",6,6,0,0,"",""
"Agroindustrial del Occidente","05_Economia","densidad_empresarial",6,6,0,0,"",""
"Agroindustrial del Occidente","05_Economia","valor_agregado",6,6,0,0,"",""
"Agroindustrial del Occidente","05_Economia","va_actividades",6,6,0,0,"",""
"Agroindustrial del Occidente","05_Economia","energia_centrales",6,2,4,0,"5004 5284 5543 5842",""
"Agroindustrial del Occidente","05_Economia","_mapa05_va_percapita",6,6,0,0,"",""
"Agroindustrial del Occidente","06_Desarrollo_Rural","inventario_pecuario",6,6,0,0,"",""
"Agroindustrial del Occidente","06_Desarrollo_Rural","participacion_municipal",6,6,0,0,"",""
"Agroindustrial del Occidente","06_Desarrollo_Rural","composicion_especies",6,6,0,0,"",""
"Agroindustrial del Occidente","06_Desarrollo_Rural","area_km2",6,6,0,0,"",""
"Agroindustrial del Occidente","06_Desarrollo_Rural","composicion_agricola",6,6,0,0,"",""
"Agroindustrial del Occidente","06_Desarrollo_Rural","rendimiento",6,6,0,0,"",""
"Agroindustrial del Occidente","07_Ambiental","detalle",6,5,1,0,"5842",""
"Agroindustrial del Occidente","07_Ambiental","irca",6,6,0,0,"",""
"Agroindustrial del Occidente","07_Ambiental","eventos_tipo",6,6,0,0,"",""
"Agroindustrial del Occidente","07_Ambiental","eventos_año",6,6,0,0,"",""
"Agroindustrial del Occidente","07_Ambiental","desastres_selectos",6,6,0,0,"",""
"Agroindustrial del Occidente","07_Ambiental","imrc",6,6,0,0,"",""
"Agroindustrial del Occidente","07_Ambiental","perdida_cobertura",6,6,0,0,"",""
"Agroindustrial del Occidente","07_Ambiental","_mapa07_perdida_cobertura",6,6,0,0,"",""
"Agroindustrial del Occidente","08_Educacion","educacion",6,6,0,0,"",""
"Agroindustrial del Occidente","08_Educacion","_mapa08_cobertura_neta",6,6,0,0,"",""
"Agroindustrial del Occidente","09_Salud","bajo_peso",6,6,0,0,"",""
"Agroindustrial del Occidente","09_Salud","enfermedades_tropicales",6,6,0,0,"",""
"Agroindustrial del Occidente","09_Salud","suicidios",6,6,0,0,"",""
"Agroindustrial del Occidente","09_Salud","aseguramiento_sgsss",6,6,0,0,"",""
"Agroindustrial del Occidente","09_Salud","mortalidad_infantil",6,6,0,0,"",""
"Agroindustrial del Occidente","09_Salud","_mapa09_mortalidad_infantil",6,6,0,0,"",""
"Agroindustrial del Occidente","10_Seguridad","coca",6,1,5,0,"5004 5138 5284 5543 5842",""
"Agroindustrial del Occidente","10_Seguridad","evoa",6,2,4,0,"5004 5138 5543 5842",""
"Agroindustrial del Occidente","10_Seguridad","delitos",6,6,0,0,"",""
"Agroindustrial del Occidente","10_Seguridad","total_victimas",6,6,0,0,"",""
"Agroindustrial del Occidente","10_Seguridad","srtdaf",6,6,0,0,"",""
"Agroindustrial del Occidente","10_Seguridad","tasas",6,6,0,0,"",""
"Agroindustrial del Occidente","10_Seguridad","irv",6,6,0,0,"",""
"Agroindustrial del Occidente","10_Seguridad","desaparecidos",6,6,0,0,"",""
"Agroindustrial del Occidente","10_Seguridad","_mapa10_homicidios",6,6,0,0,"",""
"Bioenergética del Norte de Antioquia","01_Generalidades","distribucion_territorial",13,13,0,0,"",""
"Bioenergética del Norte de Antioquia","01_Generalidades","_mapa01_area",13,13,0,0,"",""
"Bioenergética del Norte de Antioquia","02_Demografia","poblacion",13,13,0,0,"",""
"Bioenergética del Norte de Antioquia","02_Demografia","estructura_edad",13,13,0,0,"",""
"Bioenergética del Norte de Antioquia","02_Demografia","natalidad_mortalidad",13,13,0,0,"",""
"Bioenergética del Norte de Antioquia","02_Demografia","migracion",13,13,0,0,"",""
"Bioenergética del Norte de Antioquia","02_Demografia","_mapa02_densidad",13,13,0,0,"",""
"Bioenergética del Norte de Antioquia","03_Ordenamiento","deficit_vivienda",13,13,0,0,"",""
"Bioenergética del Norte de Antioquia","03_Ordenamiento","servicios_publicos",13,13,0,0,"",""
"Bioenergética del Norte de Antioquia","03_Ordenamiento","vias_area",13,13,0,0,"",""
"Bioenergética del Norte de Antioquia","03_Ordenamiento","vias_habitantes",13,13,0,0,"",""
"Bioenergética del Norte de Antioquia","03_Ordenamiento","catastro",13,13,0,0,"",""
"Bioenergética del Norte de Antioquia","03_Ordenamiento","imca",13,13,0,0,"",""
"Bioenergética del Norte de Antioquia","03_Ordenamiento","gobierno_digital",13,12,1,0,"5134",""
"Bioenergética del Norte de Antioquia","03_Ordenamiento","tti_edsup",13,13,0,0,"",""
"Bioenergética del Norte de Antioquia","03_Ordenamiento","internet_2025",13,13,0,0,"",""
"Bioenergética del Norte de Antioquia","03_Ordenamiento","uso_suelo_rural",13,13,0,0,"",""
"Bioenergética del Norte de Antioquia","03_Ordenamiento","_mapa03_deficit_vivienda",13,13,0,0,"",""
"Bioenergética del Norte de Antioquia","04_Gobernabilidad","mdm",13,13,0,0,"",""
"Bioenergética del Norte de Antioquia","04_Gobernabilidad","idf",13,13,0,0,"",""
"Bioenergética del Norte de Antioquia","04_Gobernabilidad","ley617",13,13,0,0,"",""
"Bioenergética del Norte de Antioquia","04_Gobernabilidad","icm",13,13,0,0,"",""
"Bioenergética del Norte de Antioquia","05_Economia","extranjeros_municipio",13,12,1,0,"5647",""
"Bioenergética del Norte de Antioquia","05_Economia","ecv_pobreza",13,13,0,0,"",""
"Bioenergética del Norte de Antioquia","05_Economia","ecv_ipm",13,13,0,0,"",""
"Bioenergética del Norte de Antioquia","05_Economia","ecv_gini",13,13,0,0,"",""
"Bioenergética del Norte de Antioquia","05_Economia","ecv_ocupacion_informal",13,13,0,0,"",""
"Bioenergética del Norte de Antioquia","05_Economia","ecv_desocupacion_nini",13,13,0,0,"",""
"Bioenergética del Norte de Antioquia","05_Economia","turismo_instrumentos",13,13,0,0,"",""
"Bioenergética del Norte de Antioquia","05_Economia","dependencia_economica",13,13,0,0,"",""
"Bioenergética del Norte de Antioquia","05_Economia","densidad_empresarial",13,13,0,0,"",""
"Bioenergética del Norte de Antioquia","05_Economia","valor_agregado",13,13,0,0,"",""
"Bioenergética del Norte de Antioquia","05_Economia","va_actividades",13,13,0,0,"",""
"Bioenergética del Norte de Antioquia","05_Economia","energia_centrales",13,6,7,0,"5038 5107 5134 5150 5315 5819 5854",""
"Bioenergética del Norte de Antioquia","05_Economia","_mapa05_va_percapita",13,13,0,0,"",""
"Bioenergética del Norte de Antioquia","06_Desarrollo_Rural","inventario_pecuario",13,13,0,0,"",""
"Bioenergética del Norte de Antioquia","06_Desarrollo_Rural","participacion_municipal",13,13,0,0,"",""
"Bioenergética del Norte de Antioquia","06_Desarrollo_Rural","composicion_especies",13,13,0,0,"",""
"Bioenergética del Norte de Antioquia","06_Desarrollo_Rural","area_km2",13,13,0,0,"",""
"Bioenergética del Norte de Antioquia","06_Desarrollo_Rural","composicion_agricola",13,13,0,0,"",""
"Bioenergética del Norte de Antioquia","06_Desarrollo_Rural","rendimiento",13,13,0,0,"",""
"Bioenergética del Norte de Antioquia","07_Ambiental","detalle",13,7,6,0,"5038 5134 5150 5310 5315 5819",""
"Bioenergética del Norte de Antioquia","07_Ambiental","irca",13,13,0,0,"",""
"Bioenergética del Norte de Antioquia","07_Ambiental","eventos_tipo",13,13,0,0,"",""
"Bioenergética del Norte de Antioquia","07_Ambiental","eventos_año",13,13,0,0,"",""
"Bioenergética del Norte de Antioquia","07_Ambiental","desastres_selectos",13,13,0,0,"",""
"Bioenergética del Norte de Antioquia","07_Ambiental","imrc",13,13,0,0,"",""
"Bioenergética del Norte de Antioquia","07_Ambiental","perdida_cobertura",13,13,0,0,"",""
"Bioenergética del Norte de Antioquia","07_Ambiental","_mapa07_perdida_cobertura",13,13,0,0,"",""
"Bioenergética del Norte de Antioquia","08_Educacion","educacion",13,13,0,0,"",""
"Bioenergética del Norte de Antioquia","08_Educacion","_mapa08_cobertura_neta",13,13,0,0,"",""
"Bioenergética del Norte de Antioquia","09_Salud","bajo_peso",13,13,0,0,"",""
"Bioenergética del Norte de Antioquia","09_Salud","enfermedades_tropicales",13,13,0,0,"",""
"Bioenergética del Norte de Antioquia","09_Salud","suicidios",13,13,0,0,"",""
"Bioenergética del Norte de Antioquia","09_Salud","aseguramiento_sgsss",13,13,0,0,"",""
"Bioenergética del Norte de Antioquia","09_Salud","mortalidad_infantil",13,13,0,0,"",""
"Bioenergética del Norte de Antioquia","09_Salud","_mapa09_mortalidad_infantil",13,13,0,0,"",""
"Bioenergética del Norte de Antioquia","10_Seguridad","coca",13,6,7,0,"5038 5150 5310 5315 5647 5658 5819",""
"Bioenergética del Norte de Antioquia","10_Seguridad","evoa",13,4,9,0,"5038 5107 5150 5310 5315 5647 5658 5819 5887",""
"Bioenergética del Norte de Antioquia","10_Seguridad","delitos",13,13,0,0,"",""
"Bioenergética del Norte de Antioquia","10_Seguridad","total_victimas",13,13,0,0,"",""
"Bioenergética del Norte de Antioquia","10_Seguridad","srtdaf",13,13,0,0,"",""
"Bioenergética del Norte de Antioquia","10_Seguridad","tasas",13,13,0,0,"",""
"Bioenergética del Norte de Antioquia","10_Seguridad","irv",13,13,0,0,"",""
"Bioenergética del Norte de Antioquia","10_Seguridad","desaparecidos",13,13,0,0,"",""
"Bioenergética del Norte de Antioquia","10_Seguridad","_mapa10_homicidios",13,13,0,0,"",""
"Del Río Grande","01_Generalidades","distribucion_territorial",5,5,0,0,"",""
"Del Río Grande","01_Generalidades","_mapa01_area",5,5,0,0,"",""
"Del Río Grande","02_Demografia","poblacion",5,5,0,0,"",""
"Del Río Grande","02_Demografia","estructura_edad",5,5,0,0,"",""
"Del Río Grande","02_Demografia","natalidad_mortalidad",5,5,0,0,"",""
"Del Río Grande","02_Demografia","migracion",5,5,0,0,"",""
"Del Río Grande","02_Demografia","_mapa02_densidad",5,5,0,0,"",""
"Del Río Grande","03_Ordenamiento","deficit_vivienda",5,5,0,0,"",""
"Del Río Grande","03_Ordenamiento","servicios_publicos",5,5,0,0,"",""
"Del Río Grande","03_Ordenamiento","vias_area",5,5,0,0,"",""
"Del Río Grande","03_Ordenamiento","vias_habitantes",5,5,0,0,"",""
"Del Río Grande","03_Ordenamiento","catastro",5,5,0,0,"",""
"Del Río Grande","03_Ordenamiento","imca",5,5,0,0,"",""
"Del Río Grande","03_Ordenamiento","gobierno_digital",5,5,0,0,"",""
"Del Río Grande","03_Ordenamiento","tti_edsup",5,5,0,0,"",""
"Del Río Grande","03_Ordenamiento","internet_2025",5,5,0,0,"",""
"Del Río Grande","03_Ordenamiento","uso_suelo_rural",5,5,0,0,"",""
"Del Río Grande","03_Ordenamiento","_mapa03_deficit_vivienda",5,5,0,0,"",""
"Del Río Grande","04_Gobernabilidad","mdm",5,5,0,0,"",""
"Del Río Grande","04_Gobernabilidad","idf",5,5,0,0,"",""
"Del Río Grande","04_Gobernabilidad","ley617",5,5,0,0,"",""
"Del Río Grande","04_Gobernabilidad","icm",5,5,0,0,"",""
"Del Río Grande","05_Economia","extranjeros_municipio",5,5,0,0,"",""
"Del Río Grande","05_Economia","ecv_pobreza",5,5,0,0,"",""
"Del Río Grande","05_Economia","ecv_ipm",5,5,0,0,"",""
"Del Río Grande","05_Economia","ecv_gini",5,5,0,0,"",""
"Del Río Grande","05_Economia","ecv_ocupacion_informal",5,5,0,0,"",""
"Del Río Grande","05_Economia","ecv_desocupacion_nini",5,5,0,0,"",""
"Del Río Grande","05_Economia","turismo_instrumentos",5,5,0,0,"",""
"Del Río Grande","05_Economia","dependencia_economica",5,5,0,0,"",""
"Del Río Grande","05_Economia","densidad_empresarial",5,5,0,0,"",""
"Del Río Grande","05_Economia","valor_agregado",5,5,0,0,"",""
"Del Río Grande","05_Economia","va_actividades",5,5,0,0,"",""
"Del Río Grande","05_Economia","energia_centrales",5,2,3,0,"5086 5264 5664",""
"Del Río Grande","05_Economia","_mapa05_va_percapita",5,5,0,0,"",""
"Del Río Grande","06_Desarrollo_Rural","inventario_pecuario",5,5,0,0,"",""
"Del Río Grande","06_Desarrollo_Rural","participacion_municipal",5,5,0,0,"",""
"Del Río Grande","06_Desarrollo_Rural","composicion_especies",5,5,0,0,"",""
"Del Río Grande","06_Desarrollo_Rural","area_km2",5,5,0,0,"",""
"Del Río Grande","06_Desarrollo_Rural","composicion_agricola",5,5,0,0,"",""
"Del Río Grande","06_Desarrollo_Rural","rendimiento",5,5,0,0,"",""
"Del Río Grande","07_Ambiental","detalle",5,4,1,0,"5237",""
"Del Río Grande","07_Ambiental","irca",5,5,0,0,"",""
"Del Río Grande","07_Ambiental","eventos_tipo",5,5,0,0,"",""
"Del Río Grande","07_Ambiental","eventos_año",5,5,0,0,"",""
"Del Río Grande","07_Ambiental","desastres_selectos",5,5,0,0,"",""
"Del Río Grande","07_Ambiental","imrc",5,5,0,0,"",""
"Del Río Grande","07_Ambiental","perdida_cobertura",5,5,0,0,"",""
"Del Río Grande","07_Ambiental","_mapa07_perdida_cobertura",5,5,0,0,"",""
"Del Río Grande","08_Educacion","educacion",5,5,0,0,"",""
"Del Río Grande","08_Educacion","_mapa08_cobertura_neta",5,5,0,0,"",""
"Del Río Grande","09_Salud","bajo_peso",5,5,0,0,"",""
"Del Río Grande","09_Salud","enfermedades_tropicales",5,5,0,0,"",""
"Del Río Grande","09_Salud","suicidios",5,5,0,0,"",""
"Del Río Grande","09_Salud","aseguramiento_sgsss",5,5,0,0,"",""
"Del Río Grande","09_Salud","mortalidad_infantil",5,5,0,0,"",""
"Del Río Grande","09_Salud","_mapa09_mortalidad_infantil",5,5,0,0,"",""
"Del Río Grande","10_Seguridad","coca",5,0,5,0,"5086 5237 5264 5664 5686",""
"Del Río Grande","10_Seguridad","evoa",5,0,5,0,"5086 5237 5264 5664 5686",""
"Del Río Grande","10_Seguridad","delitos",5,5,0,0,"",""
"Del Río Grande","10_Seguridad","total_victimas",5,5,0,0,"",""
"Del Río Grande","10_Seguridad","srtdaf",5,5,0,0,"",""
"Del Río Grande","10_Seguridad","tasas",5,5,0,0,"",""
"Del Río Grande","10_Seguridad","irv",5,5,0,0,"",""
"Del Río Grande","10_Seguridad","desaparecidos",5,5,0,0,"",""
"Del Río Grande","10_Seguridad","_mapa10_homicidios",5,5,0,0,"",""
"Turística y Agroecológica","01_Generalidades","distribucion_territorial",7,7,0,0,"",""
"Turística y Agroecológica","01_Generalidades","_mapa01_area",7,7,0,0,"",""
"Turística y Agroecológica","02_Demografia","poblacion",7,7,0,0,"",""
"Turística y Agroecológica","02_Demografia","estructura_edad",7,7,0,0,"",""
"Turística y Agroecológica","02_Demografia","natalidad_mortalidad",7,7,0,0,"",""
"Turística y Agroecológica","02_Demografia","migracion",7,7,0,0,"",""
"Turística y Agroecológica","02_Demografia","_mapa02_densidad",7,7,0,0,"",""
"Turística y Agroecológica","03_Ordenamiento","deficit_vivienda",7,7,0,0,"",""
"Turística y Agroecológica","03_Ordenamiento","servicios_publicos",7,7,0,0,"",""
"Turística y Agroecológica","03_Ordenamiento","vias_area",7,7,0,0,"",""
"Turística y Agroecológica","03_Ordenamiento","vias_habitantes",7,7,0,0,"",""
"Turística y Agroecológica","03_Ordenamiento","catastro",7,7,0,0,"",""
"Turística y Agroecológica","03_Ordenamiento","imca",7,7,0,0,"",""
"Turística y Agroecológica","03_Ordenamiento","gobierno_digital",7,7,0,0,"",""
"Turística y Agroecológica","03_Ordenamiento","tti_edsup",7,7,0,0,"",""
"Turística y Agroecológica","03_Ordenamiento","internet_2025",7,7,0,0,"",""
"Turística y Agroecológica","03_Ordenamiento","uso_suelo_rural",7,7,0,0,"",""
"Turística y Agroecológica","03_Ordenamiento","_mapa03_deficit_vivienda",7,7,0,0,"",""
"Turística y Agroecológica","04_Gobernabilidad","mdm",7,7,0,0,"",""
"Turística y Agroecológica","04_Gobernabilidad","idf",7,7,0,0,"",""
"Turística y Agroecológica","04_Gobernabilidad","ley617",7,7,0,0,"",""
"Turística y Agroecológica","04_Gobernabilidad","icm",7,7,0,0,"",""
"Turística y Agroecológica","05_Economia","extranjeros_municipio",7,7,0,0,"",""
"Turística y Agroecológica","05_Economia","ecv_pobreza",7,7,0,0,"",""
"Turística y Agroecológica","05_Economia","ecv_ipm",7,7,0,0,"",""
"Turística y Agroecológica","05_Economia","ecv_gini",7,7,0,0,"",""
"Turística y Agroecológica","05_Economia","ecv_ocupacion_informal",7,7,0,0,"",""
"Turística y Agroecológica","05_Economia","ecv_desocupacion_nini",7,7,0,0,"",""
"Turística y Agroecológica","05_Economia","turismo_instrumentos",7,7,0,0,"",""
"Turística y Agroecológica","05_Economia","dependencia_economica",7,7,0,0,"",""
"Turística y Agroecológica","05_Economia","densidad_empresarial",7,7,0,0,"",""
"Turística y Agroecológica","05_Economia","valor_agregado",7,7,0,0,"",""
"Turística y Agroecológica","05_Economia","va_actividades",7,7,0,0,"",""
"Turística y Agroecológica","05_Economia","energia_centrales",7,0,7,0,"5113 5240 5306 5347 5501 5628 5656",""
"Turística y Agroecológica","05_Economia","_mapa05_va_percapita",7,7,0,0,"",""
"Turística y Agroecológica","06_Desarrollo_Rural","inventario_pecuario",7,7,0,0,"",""
"Turística y Agroecológica","06_Desarrollo_Rural","participacion_municipal",7,7,0,0,"",""
"Turística y Agroecológica","06_Desarrollo_Rural","composicion_especies",7,7,0,0,"",""
"Turística y Agroecológica","06_Desarrollo_Rural","area_km2",7,7,0,0,"",""
"Turística y Agroecológica","06_Desarrollo_Rural","composicion_agricola",7,7,0,0,"",""
"Turística y Agroecológica","06_Desarrollo_Rural","rendimiento",7,7,0,0,"",""
"Turística y Agroecológica","07_Ambiental","detalle",7,6,1,0,"5113",""
"Turística y Agroecológica","07_Ambiental","irca",7,7,0,0,"",""
"Turística y Agroecológica","07_Ambiental","eventos_tipo",7,7,0,0,"",""
"Turística y Agroecológica","07_Ambiental","eventos_año",7,7,0,0,"",""
"Turística y Agroecológica","07_Ambiental","desastres_selectos",7,7,0,0,"",""
"Turística y Agroecológica","07_Ambiental","imrc",7,7,0,0,"",""
"Turística y Agroecológica","07_Ambiental","perdida_cobertura",7,7,0,0,"",""
"Turística y Agroecológica","07_Ambiental","_mapa07_perdida_cobertura",7,7,0,0,"",""
"Turística y Agroecológica","08_Educacion","educacion",7,7,0,0,"",""
"Turística y Agroecológica","08_Educacion","_mapa08_cobertura_neta",7,7,0,0,"",""
"Turística y Agroecológica","09_Salud","bajo_peso",7,7,0,0,"",""
"Turística y Agroecológica","09_Salud","enfermedades_tropicales",7,7,0,0,"",""
"Turística y Agroecológica","09_Salud","suicidios",7,7,0,0,"",""
"Turística y Agroecológica","09_Salud","aseguramiento_sgsss",7,7,0,0,"",""
"Turística y Agroecológica","09_Salud","mortalidad_infantil",7,7,0,0,"",""
"Turística y Agroecológica","09_Salud","_mapa09_mortalidad_infantil",7,7,0,0,"",""
"Turística y Agroecológica","10_Seguridad","coca",7,0,7,0,"5113 5240 5306 5347 5501 5628 5656",""
"Turística y Agroecológica","10_Seguridad","evoa",7,0,7,0,"5113 5240 5306 5347 5501 5628 5656",""
"Turística y Agroecológica","10_Seguridad","delitos",7,7,0,0,"",""
"Turística y Agroecológica","10_Seguridad","total_victimas",7,7,0,0,"",""
"Turística y Agroecológica","10_Seguridad","srtdaf",7,7,0,0,"",""
"Turística y Agroecológica","10_Seguridad","tasas",7,7,0,0,"",""
"Turística y Agroecológica","10_Seguridad","irv",7,7,0,0,"",""
"Turística y Agroecológica","10_Seguridad","desaparecidos",7,7,0,0,"",""
"Turística y Agroecológica","10_Seguridad","_mapa10_homicidios",7,7,0,0,"",""
"Agua, Bosques y Turismo","01_Generalidades","distribucion_territorial",12,12,0,0,"",""
"Agua, Bosques y Turismo","01_Generalidades","_mapa01_area",12,12,0,0,"",""
"Agua, Bosques y Turismo","02_Demografia","poblacion",12,12,0,0,"",""
"Agua, Bosques y Turismo","02_Demografia","estructura_edad",12,12,0,0,"",""
"Agua, Bosques y Turismo","02_Demografia","natalidad_mortalidad",12,12,0,0,"",""
"Agua, Bosques y Turismo","02_Demografia","migracion",12,12,0,0,"",""
"Agua, Bosques y Turismo","02_Demografia","_mapa02_densidad",12,12,0,0,"",""
"Agua, Bosques y Turismo","03_Ordenamiento","deficit_vivienda",12,12,0,0,"",""
"Agua, Bosques y Turismo","03_Ordenamiento","servicios_publicos",12,12,0,0,"",""
"Agua, Bosques y Turismo","03_Ordenamiento","vias_area",12,12,0,0,"",""
"Agua, Bosques y Turismo","03_Ordenamiento","vias_habitantes",12,12,0,0,"",""
"Agua, Bosques y Turismo","03_Ordenamiento","catastro",12,10,2,0,"5440 5674",""
"Agua, Bosques y Turismo","03_Ordenamiento","imca",12,12,0,0,"",""
"Agua, Bosques y Turismo","03_Ordenamiento","gobierno_digital",12,12,0,0,"",""
"Agua, Bosques y Turismo","03_Ordenamiento","tti_edsup",12,12,0,0,"",""
"Agua, Bosques y Turismo","03_Ordenamiento","internet_2025",12,12,0,0,"",""
"Agua, Bosques y Turismo","03_Ordenamiento","uso_suelo_rural",12,12,0,0,"",""
"Agua, Bosques y Turismo","03_Ordenamiento","_mapa03_deficit_vivienda",12,12,0,0,"",""
"Agua, Bosques y Turismo","04_Gobernabilidad","mdm",12,12,0,0,"",""
"Agua, Bosques y Turismo","04_Gobernabilidad","idf",12,12,0,0,"",""
"Agua, Bosques y Turismo","04_Gobernabilidad","ley617",12,12,0,0,"",""
"Agua, Bosques y Turismo","04_Gobernabilidad","icm",12,12,0,0,"",""
"Agua, Bosques y Turismo","05_Economia","extranjeros_municipio",12,12,0,0,"",""
"Agua, Bosques y Turismo","05_Economia","ecv_pobreza",12,12,0,0,"",""
"Agua, Bosques y Turismo","05_Economia","ecv_ipm",12,12,0,0,"",""
"Agua, Bosques y Turismo","05_Economia","ecv_gini",12,12,0,0,"",""
"Agua, Bosques y Turismo","05_Economia","ecv_ocupacion_informal",12,12,0,0,"",""
"Agua, Bosques y Turismo","05_Economia","ecv_desocupacion_nini",12,12,0,0,"",""
"Agua, Bosques y Turismo","05_Economia","turismo_instrumentos",12,12,0,0,"",""
"Agua, Bosques y Turismo","05_Economia","dependencia_economica",12,12,0,0,"",""
"Agua, Bosques y Turismo","05_Economia","densidad_empresarial",12,12,0,0,"",""
"Agua, Bosques y Turismo","05_Economia","valor_agregado",12,12,0,0,"",""
"Agua, Bosques y Turismo","05_Economia","va_actividades",12,12,0,0,"",""
"Agua, Bosques y Turismo","05_Economia","energia_centrales",12,8,4,0,"5206 5541 5652 5674",""
"Agua, Bosques y Turismo","05_Economia","_mapa05_va_percapita",12,12,0,0,"",""
"Agua, Bosques y Turismo","06_Desarrollo_Rural","inventario_pecuario",12,12,0,0,"",""
"Agua, Bosques y Turismo","06_Desarrollo_Rural","participacion_municipal",12,12,0,0,"",""
"Agua, Bosques y Turismo","06_Desarrollo_Rural","composicion_especies",12,12,0,0,"",""
"Agua, Bosques y Turismo","06_Desarrollo_Rural","area_km2",12,12,0,0,"",""
"Agua, Bosques y Turismo","06_Desarrollo_Rural","composicion_agricola",12,12,0,0,"",""
"Agua, Bosques y Turismo","06_Desarrollo_Rural","rendimiento",12,12,0,0,"",""
"Agua, Bosques y Turismo","07_Ambiental","detalle",12,12,0,0,"",""
"Agua, Bosques y Turismo","07_Ambiental","irca",12,12,0,0,"",""
"Agua, Bosques y Turismo","07_Ambiental","eventos_tipo",12,12,0,0,"",""
"Agua, Bosques y Turismo","07_Ambiental","eventos_año",12,12,0,0,"",""
"Agua, Bosques y Turismo","07_Ambiental","desastres_selectos",12,12,0,0,"",""
"Agua, Bosques y Turismo","07_Ambiental","imrc",12,12,0,0,"",""
"Agua, Bosques y Turismo","07_Ambiental","perdida_cobertura",12,12,0,0,"",""
"Agua, Bosques y Turismo","07_Ambiental","_mapa07_perdida_cobertura",12,12,0,0,"",""
"Agua, Bosques y Turismo","08_Educacion","educacion",12,12,0,0,"",""
"Agua, Bosques y Turismo","08_Educacion","_mapa08_cobertura_neta",12,12,0,0,"",""
"Agua, Bosques y Turismo","09_Salud","bajo_peso",12,12,0,0,"",""
"Agua, Bosques y Turismo","09_Salud","enfermedades_tropicales",12,12,0,0,"",""
"Agua, Bosques y Turismo","09_Salud","suicidios",12,12,0,0,"",""
"Agua, Bosques y Turismo","09_Salud","aseguramiento_sgsss",12,12,0,0,"",""
"Agua, Bosques y Turismo","09_Salud","mortalidad_infantil",12,12,0,0,"",""
"Agua, Bosques y Turismo","09_Salud","_mapa09_mortalidad_infantil",12,12,0,0,"",""
"Agua, Bosques y Turismo","10_Seguridad","coca",12,3,9,0,"5021 5197 5206 5313 5321 5440 5541 5667 5674",""
"Agua, Bosques y Turismo","10_Seguridad","evoa",12,0,12,0,"5021 5197 5206 5313 5321 5440 5541 5649 5652 5660 5667 5674",""
"Agua, Bosques y Turismo","10_Seguridad","delitos",12,12,0,0,"",""
"Agua, Bosques y Turismo","10_Seguridad","total_victimas",12,12,0,0,"",""
"Agua, Bosques y Turismo","10_Seguridad","srtdaf",12,12,0,0,"",""
"Agua, Bosques y Turismo","10_Seguridad","tasas",12,12,0,0,"",""
"Agua, Bosques y Turismo","10_Seguridad","irv",12,12,0,0,"",""
"Agua, Bosques y Turismo","10_Seguridad","desaparecidos",12,12,0,0,"",""
"Agua, Bosques y Turismo","10_Seguridad","_mapa10_homicidios",12,12,0,0,"",""
"Cartama","01_Generalidades","distribucion_territorial",11,11,0,0,"",""
"Cartama","01_Generalidades","_mapa01_area",11,11,0,0,"",""
"Cartama","02_Demografia","poblacion",11,11,0,0,"",""
"Cartama","02_Demografia","estructura_edad",11,11,0,0,"",""
"Cartama","02_Demografia","natalidad_mortalidad",11,11,0,0,"",""
"Cartama","02_Demografia","migracion",11,11,0,0,"",""
"Cartama","02_Demografia","_mapa02_densidad",11,11,0,0,"",""
"Cartama","03_Ordenamiento","deficit_vivienda",11,11,0,0,"",""
"Cartama","03_Ordenamiento","servicios_publicos",11,11,0,0,"",""
"Cartama","03_Ordenamiento","vias_area",11,11,0,0,"",""
"Cartama","03_Ordenamiento","vias_habitantes",11,11,0,0,"",""
"Cartama","03_Ordenamiento","catastro",11,11,0,0,"",""
"Cartama","03_Ordenamiento","imca",11,11,0,0,"",""
"Cartama","03_Ordenamiento","gobierno_digital",11,11,0,0,"",""
"Cartama","03_Ordenamiento","tti_edsup",11,11,0,0,"",""
"Cartama","03_Ordenamiento","internet_2025",11,11,0,0,"",""
"Cartama","03_Ordenamiento","uso_suelo_rural",11,11,0,0,"",""
"Cartama","03_Ordenamiento","_mapa03_deficit_vivienda",11,11,0,0,"",""
"Cartama","04_Gobernabilidad","mdm",11,11,0,0,"",""
"Cartama","04_Gobernabilidad","idf",11,11,0,0,"",""
"Cartama","04_Gobernabilidad","ley617",11,11,0,0,"",""
"Cartama","04_Gobernabilidad","icm",11,11,0,0,"",""
"Cartama","05_Economia","extranjeros_municipio",11,11,0,0,"",""
"Cartama","05_Economia","ecv_pobreza",11,11,0,0,"",""
"Cartama","05_Economia","ecv_ipm",11,11,0,0,"",""
"Cartama","05_Economia","ecv_gini",11,11,0,0,"",""
"Cartama","05_Economia","ecv_ocupacion_informal",11,11,0,0,"",""
"Cartama","05_Economia","ecv_desocupacion_nini",11,11,0,0,"",""
"Cartama","05_Economia","turismo_instrumentos",11,11,0,0,"",""
"Cartama","05_Economia","dependencia_economica",11,11,0,0,"",""
"Cartama","05_Economia","densidad_empresarial",11,11,0,0,"",""
"Cartama","05_Economia","valor_agregado",11,11,0,0,"",""
"Cartama","05_Economia","va_actividades",11,11,0,0,"",""
"Cartama","05_Economia","energia_centrales",11,4,7,0,"5145 5282 5390 5467 5576 5856 5861",""
"Cartama","05_Economia","_mapa05_va_percapita",11,11,0,0,"",""
"Cartama","06_Desarrollo_Rural","inventario_pecuario",11,11,0,0,"",""
"Cartama","06_Desarrollo_Rural","participacion_municipal",11,11,0,0,"",""
"Cartama","06_Desarrollo_Rural","composicion_especies",11,11,0,0,"",""
"Cartama","06_Desarrollo_Rural","area_km2",11,11,0,0,"",""
"Cartama","06_Desarrollo_Rural","composicion_agricola",11,11,0,0,"",""
"Cartama","06_Desarrollo_Rural","rendimiento",11,11,0,0,"",""
"Cartama","07_Ambiental","detalle",11,9,2,0,"5390 5856",""
"Cartama","07_Ambiental","irca",11,11,0,0,"",""
"Cartama","07_Ambiental","eventos_tipo",11,11,0,0,"",""
"Cartama","07_Ambiental","eventos_año",11,11,0,0,"",""
"Cartama","07_Ambiental","desastres_selectos",11,11,0,0,"",""
"Cartama","07_Ambiental","imrc",11,11,0,0,"",""
"Cartama","07_Ambiental","perdida_cobertura",11,11,0,0,"",""
"Cartama","07_Ambiental","_mapa07_perdida_cobertura",11,11,0,0,"",""
"Cartama","08_Educacion","educacion",11,11,0,0,"",""
"Cartama","08_Educacion","_mapa08_cobertura_neta",11,11,0,0,"",""
"Cartama","09_Salud","bajo_peso",11,11,0,0,"",""
"Cartama","09_Salud","enfermedades_tropicales",11,11,0,0,"",""
"Cartama","09_Salud","suicidios",11,11,0,0,"",""
"Cartama","09_Salud","aseguramiento_sgsss",11,11,0,0,"",""
"Cartama","09_Salud","mortalidad_infantil",11,11,0,0,"",""
"Cartama","09_Salud","_mapa09_mortalidad_infantil",11,11,0,0,"",""
"Cartama","10_Seguridad","coca",11,0,11,0,"5145 5282 5368 5390 5467 5576 5679 5789 5792 5856 5861",""
"Cartama","10_Seguridad","evoa",11,0,11,0,"5145 5282 5368 5390 5467 5576 5679 5789 5792 5856 5861",""
"Cartama","10_Seguridad","delitos",11,11,0,0,"",""
"Cartama","10_Seguridad","total_victimas",11,11,0,0,"",""
"Cartama","10_Seguridad","srtdaf",11,11,0,0,"",""
"Cartama","10_Seguridad","tasas",11,11,0,0,"",""
"Cartama","10_Seguridad","irv",11,11,0,0,"",""
"Cartama","10_Seguridad","desaparecidos",11,11,0,0,"",""
"Cartama","10_Seguridad","_mapa10_homicidios",11,11,0,0,"",""
"De la Paz","01_Generalidades","distribucion_territorial",5,5,0,0,"",""
"De la Paz","01_Generalidades","_mapa01_area",5,5,0,0,"",""
"De la Paz","02_Demografia","poblacion",5,5,0,0,"",""
"De la Paz","02_Demografia","estructura_edad",5,5,0,0,"",""
"De la Paz","02_Demografia","natalidad_mortalidad",5,5,0,0,"",""
"De la Paz","02_Demografia","migracion",5,5,0,0,"",""
"De la Paz","02_Demografia","_mapa02_densidad",5,5,0,0,"",""
"De la Paz","03_Ordenamiento","deficit_vivienda",5,5,0,0,"",""
"De la Paz","03_Ordenamiento","servicios_publicos",5,5,0,0,"",""
"De la Paz","03_Ordenamiento","vias_area",5,5,0,0,"",""
"De la Paz","03_Ordenamiento","vias_habitantes",5,5,0,0,"",""
"De la Paz","03_Ordenamiento","catastro",5,5,0,0,"",""
"De la Paz","03_Ordenamiento","imca",5,5,0,0,"",""
"De la Paz","03_Ordenamiento","gobierno_digital",5,5,0,0,"",""
"De la Paz","03_Ordenamiento","tti_edsup",5,5,0,0,"",""
"De la Paz","03_Ordenamiento","internet_2025",5,5,0,0,"",""
"De la Paz","03_Ordenamiento","uso_suelo_rural",5,5,0,0,"",""
"De la Paz","03_Ordenamiento","_mapa03_deficit_vivienda",5,5,0,0,"",""
"De la Paz","04_Gobernabilidad","mdm",5,5,0,0,"",""
"De la Paz","04_Gobernabilidad","idf",5,5,0,0,"",""
"De la Paz","04_Gobernabilidad","ley617",5,5,0,0,"",""
"De la Paz","04_Gobernabilidad","icm",5,5,0,0,"",""
"De la Paz","05_Economia","extranjeros_municipio",5,5,0,0,"",""
"De la Paz","05_Economia","ecv_pobreza",5,5,0,0,"",""
"De la Paz","05_Economia","ecv_ipm",5,5,0,0,"",""
"De la Paz","05_Economia","ecv_gini",5,5,0,0,"",""
"De la Paz","05_Economia","ecv_ocupacion_informal",5,5,0,0,"",""
"De la Paz","05_Economia","ecv_desocupacion_nini",5,5,0,0,"",""
"De la Paz","05_Economia","turismo_instrumentos",5,5,0,0,"",""
"De la Paz","05_Economia","dependencia_economica",5,5,0,0,"",""
"De la Paz","05_Economia","densidad_empresarial",5,5,0,0,"",""
"De la Paz","05_Economia","valor_agregado",5,5,0,0,"",""
"De la Paz","05_Economia","va_actividades",5,5,0,0,"",""
"De la Paz","05_Economia","energia_centrales",5,2,3,0,"5055 5400 5483",""
"De la Paz","05_Economia","_mapa05_va_percapita",5,5,0,0,"",""
"De la Paz","06_Desarrollo_Rural","inventario_pecuario",5,5,0,0,"",""
"De la Paz","06_Desarrollo_Rural","participacion_municipal",5,5,0,0,"",""
"De la Paz","06_Desarrollo_Rural","composicion_especies",5,5,0,0,"",""
"De la Paz","06_Desarrollo_Rural","area_km2",5,5,0,0,"",""
"De la Paz","06_Desarrollo_Rural","composicion_agricola",5,5,0,0,"",""
"De la Paz","06_Desarrollo_Rural","rendimiento",5,5,0,0,"",""
"De la Paz","07_Ambiental","detalle",5,5,0,0,"",""
"De la Paz","07_Ambiental","irca",5,5,0,0,"",""
"De la Paz","07_Ambiental","eventos_tipo",5,5,0,0,"",""
"De la Paz","07_Ambiental","eventos_año",5,5,0,0,"",""
"De la Paz","07_Ambiental","desastres_selectos",5,5,0,0,"",""
"De la Paz","07_Ambiental","imrc",5,5,0,0,"",""
"De la Paz","07_Ambiental","perdida_cobertura",5,5,0,0,"",""
"De la Paz","07_Ambiental","_mapa07_perdida_cobertura",5,5,0,0,"",""
"De la Paz","08_Educacion","educacion",5,5,0,0,"",""
"De la Paz","08_Educacion","_mapa08_cobertura_neta",5,5,0,0,"",""
"De la Paz","09_Salud","bajo_peso",5,5,0,0,"",""
"De la Paz","09_Salud","enfermedades_tropicales",5,5,0,0,"",""
"De la Paz","09_Salud","suicidios",5,5,0,0,"",""
"De la Paz","09_Salud","aseguramiento_sgsss",5,5,0,0,"",""
"De la Paz","09_Salud","mortalidad_infantil",5,5,0,0,"",""
"De la Paz","09_Salud","_mapa09_mortalidad_infantil",5,5,0,0,"",""
"De la Paz","10_Seguridad","coca",5,1,4,0,"5002 5055 5400 5483",""
"De la Paz","10_Seguridad","evoa",5,2,3,0,"5002 5400 5483",""
"De la Paz","10_Seguridad","delitos",5,5,0,0,"",""
"De la Paz","10_Seguridad","total_victimas",5,5,0,0,"",""
"De la Paz","10_Seguridad","srtdaf",5,5,0,0,"",""
"De la Paz","10_Seguridad","tasas",5,5,0,0,"",""
"De la Paz","10_Seguridad","irv",5,5,0,0,"",""
"De la Paz","10_Seguridad","desaparecidos",5,5,0,0,"",""
"De la Paz","10_Seguridad","_mapa10_homicidios",5,5,0,0,"",""
"San Juan","01_Generalidades","distribucion_territorial",6,6,0,0,"",""
"San Juan","01_Generalidades","_mapa01_area",6,6,0,0,"",""
"San Juan","02_Demografia","poblacion",6,6,0,0,"",""
"San Juan","02_Demografia","estructura_edad",6,6,0,0,"",""
"San Juan","02_Demografia","natalidad_mortalidad",6,6,0,0,"",""
"San Juan","02_Demografia","migracion",6,6,0,0,"",""
"San Juan","02_Demografia","_mapa02_densidad",6,6,0,0,"",""
"San Juan","03_Ordenamiento","deficit_vivienda",6,6,0,0,"",""
"San Juan","03_Ordenamiento","servicios_publicos",6,6,0,0,"",""
"San Juan","03_Ordenamiento","vias_area",6,6,0,0,"",""
"San Juan","03_Ordenamiento","vias_habitantes",6,6,0,0,"",""
"San Juan","03_Ordenamiento","catastro",6,6,0,0,"",""
"San Juan","03_Ordenamiento","imca",6,6,0,0,"",""
"San Juan","03_Ordenamiento","gobierno_digital",6,6,0,0,"",""
"San Juan","03_Ordenamiento","tti_edsup",6,6,0,0,"",""
"San Juan","03_Ordenamiento","internet_2025",6,6,0,0,"",""
"San Juan","03_Ordenamiento","uso_suelo_rural",6,6,0,0,"",""
"San Juan","03_Ordenamiento","_mapa03_deficit_vivienda",6,6,0,0,"",""
"San Juan","04_Gobernabilidad","mdm",6,6,0,0,"",""
"San Juan","04_Gobernabilidad","idf",6,6,0,0,"",""
"San Juan","04_Gobernabilidad","ley617",6,6,0,0,"",""
"San Juan","04_Gobernabilidad","icm",6,6,0,0,"",""
"San Juan","05_Economia","extranjeros_municipio",6,6,0,0,"",""
"San Juan","05_Economia","ecv_pobreza",6,6,0,0,"",""
"San Juan","05_Economia","ecv_ipm",6,6,0,0,"",""
"San Juan","05_Economia","ecv_gini",6,6,0,0,"",""
"San Juan","05_Economia","ecv_ocupacion_informal",6,6,0,0,"",""
"San Juan","05_Economia","ecv_desocupacion_nini",6,6,0,0,"",""
"San Juan","05_Economia","turismo_instrumentos",6,6,0,0,"",""
"San Juan","05_Economia","dependencia_economica",6,6,0,0,"",""
"San Juan","05_Economia","densidad_empresarial",6,6,0,0,"",""
"San Juan","05_Economia","valor_agregado",6,6,0,0,"",""
"San Juan","05_Economia","va_actividades",6,6,0,0,"",""
"San Juan","05_Economia","energia_centrales",6,3,3,0,"5091 5353 5364",""
"San Juan","05_Economia","_mapa05_va_percapita",6,6,0,0,"",""
"San Juan","06_Desarrollo_Rural","inventario_pecuario",6,6,0,0,"",""
"San Juan","06_Desarrollo_Rural","participacion_municipal",6,6,0,0,"",""
"San Juan","06_Desarrollo_Rural","composicion_especies",6,6,0,0,"",""
"San Juan","06_Desarrollo_Rural","area_km2",6,6,0,0,"",""
"San Juan","06_Desarrollo_Rural","composicion_agricola",6,6,0,0,"",""
"San Juan","06_Desarrollo_Rural","rendimiento",6,6,0,0,"",""
"San Juan","07_Ambiental","detalle",6,6,0,0,"",""
"San Juan","07_Ambiental","irca",6,6,0,0,"",""
"San Juan","07_Ambiental","eventos_tipo",6,6,0,0,"",""
"San Juan","07_Ambiental","eventos_año",6,6,0,0,"",""
"San Juan","07_Ambiental","desastres_selectos",6,6,0,0,"",""
"San Juan","07_Ambiental","imrc",6,6,0,0,"",""
"San Juan","07_Ambiental","perdida_cobertura",6,6,0,0,"",""
"San Juan","07_Ambiental","_mapa07_perdida_cobertura",6,6,0,0,"",""
"San Juan","08_Educacion","educacion",6,6,0,0,"",""
"San Juan","08_Educacion","_mapa08_cobertura_neta",6,6,0,0,"",""
"San Juan","09_Salud","bajo_peso",6,6,0,0,"",""
"San Juan","09_Salud","enfermedades_tropicales",6,6,0,0,"",""
"San Juan","09_Salud","suicidios",6,6,0,0,"",""
"San Juan","09_Salud","aseguramiento_sgsss",6,6,0,0,"",""
"San Juan","09_Salud","mortalidad_infantil",6,6,0,0,"",""
"San Juan","09_Salud","_mapa09_mortalidad_infantil",6,6,0,0,"",""
"San Juan","10_Seguridad","coca",6,0,6,0,"5034 5091 5101 5353 5364 5642",""
"San Juan","10_Seguridad","evoa",6,0,6,0,"5034 5091 5101 5353 5364 5642",""
"San Juan","10_Seguridad","delitos",6,6,0,0,"",""
"San Juan","10_Seguridad","total_victimas",6,6,0,0,"",""
"San Juan","10_Seguridad","srtdaf",6,6,0,0,"",""
"San Juan","10_Seguridad","tasas",6,6,0,0,"",""
"San Juan","10_Seguridad","irv",6,6,0,0,"",""
"San Juan","10_Seguridad","desaparecidos",6,6,0,0,"",""
"San Juan","10_Seguridad","_mapa10_homicidios",6,6,0,0,"",""
"Minero Agroecológica","01_Generalidades","distribucion_territorial",5,5,0,0,"",""
"Minero Agroecológica","01_Generalidades","_mapa01_area",5,5,0,0,"",""
"Minero Agroecológica","02_Demografia","poblacion",5,5,0,0,"",""
"Minero Agroecológica","02_Demografia","estructura_edad",5,5,0,0,"",""
"Minero Agroecológica","02_Demografia","natalidad_mortalidad",5,5,0,0,"",""
"Minero Agroecológica","02_Demografia","migracion",5,5,0,0,"",""
"Minero Agroecológica","02_Demografia","_mapa02_densidad",5,5,0,0,"",""
"Minero Agroecológica","03_Ordenamiento","deficit_vivienda",5,5,0,0,"",""
"Minero Agroecológica","03_Ordenamiento","servicios_publicos",5,5,0,0,"",""
"Minero Agroecológica","03_Ordenamiento","vias_area",5,5,0,0,"",""
"Minero Agroecológica","03_Ordenamiento","vias_habitantes",5,5,0,0,"",""
"Minero Agroecológica","03_Ordenamiento","catastro",5,5,0,0,"",""
"Minero Agroecológica","03_Ordenamiento","imca",5,5,0,0,"",""
"Minero Agroecológica","03_Ordenamiento","gobierno_digital",5,5,0,0,"",""
"Minero Agroecológica","03_Ordenamiento","tti_edsup",5,5,0,0,"",""
"Minero Agroecológica","03_Ordenamiento","internet_2025",5,5,0,0,"",""
"Minero Agroecológica","03_Ordenamiento","uso_suelo_rural",5,5,0,0,"",""
"Minero Agroecológica","03_Ordenamiento","_mapa03_deficit_vivienda",5,5,0,0,"",""
"Minero Agroecológica","04_Gobernabilidad","mdm",5,5,0,0,"",""
"Minero Agroecológica","04_Gobernabilidad","idf",5,5,0,0,"",""
"Minero Agroecológica","04_Gobernabilidad","ley617",5,5,0,0,"",""
"Minero Agroecológica","04_Gobernabilidad","icm",5,5,0,0,"",""
"Minero Agroecológica","05_Economia","extranjeros_municipio",5,5,0,0,"",""
"Minero Agroecológica","05_Economia","ecv_pobreza",5,5,0,0,"",""
"Minero Agroecológica","05_Economia","ecv_ipm",5,5,0,0,"",""
"Minero Agroecológica","05_Economia","ecv_gini",5,5,0,0,"",""
"Minero Agroecológica","05_Economia","ecv_ocupacion_informal",5,5,0,0,"",""
"Minero Agroecológica","05_Economia","ecv_desocupacion_nini",5,5,0,0,"",""
"Minero Agroecológica","05_Economia","turismo_instrumentos",5,5,0,0,"",""
"Minero Agroecológica","05_Economia","dependencia_economica",5,5,0,0,"",""
"Minero Agroecológica","05_Economia","densidad_empresarial",5,5,0,0,"",""
"Minero Agroecológica","05_Economia","valor_agregado",5,5,0,0,"",""
"Minero Agroecológica","05_Economia","va_actividades",5,5,0,0,"",""
"Minero Agroecológica","05_Economia","energia_centrales",5,1,4,0,"5736 5858 5885 5890",""
"Minero Agroecológica","05_Economia","_mapa05_va_percapita",5,5,0,0,"",""
"Minero Agroecológica","06_Desarrollo_Rural","inventario_pecuario",5,5,0,0,"",""
"Minero Agroecológica","06_Desarrollo_Rural","participacion_municipal",5,5,0,0,"",""
"Minero Agroecológica","06_Desarrollo_Rural","composicion_especies",5,5,0,0,"",""
"Minero Agroecológica","06_Desarrollo_Rural","area_km2",5,5,0,0,"",""
"Minero Agroecológica","06_Desarrollo_Rural","composicion_agricola",5,5,0,0,"",""
"Minero Agroecológica","06_Desarrollo_Rural","rendimiento",5,5,0,0,"",""
"Minero Agroecológica","07_Ambiental","detalle",5,1,4,0,"5604 5736 5858 5885",""
"Minero Agroecológica","07_Ambiental","irca",5,5,0,0,"",""
"Minero Agroecológica","07_Ambiental","eventos_tipo",5,5,0,0,"",""
"Minero Agroecológica","07_Ambiental","eventos_año",5,5,0,0,"",""
"Minero Agroecológica","07_Ambiental","desastres_selectos",5,5,0,0,"",""
"Minero Agroecológica","07_Ambiental","imrc",5,5,0,0,"",""
"Minero Agroecológica","07_Ambiental","perdida_cobertura",5,5,0,0,"",""
"Minero Agroecológica","07_Ambiental","_mapa07_perdida_cobertura",5,5,0,0,"",""
"Minero Agroecológica","08_Educacion","educacion",5,5,0,0,"",""
"Minero Agroecológica","08_Educacion","_mapa08_cobertura_neta",5,5,0,0,"",""
"Minero Agroecológica","09_Salud","bajo_peso",5,5,0,0,"",""
"Minero Agroecológica","09_Salud","enfermedades_tropicales",5,5,0,0,"",""
"Minero Agroecológica","09_Salud","suicidios",5,5,0,0,"",""
"Minero Agroecológica","09_Salud","aseguramiento_sgsss",5,5,0,0,"",""
"Minero Agroecológica","09_Salud","mortalidad_infantil",5,5,0,0,"",""
"Minero Agroecológica","09_Salud","_mapa09_mortalidad_infantil",5,5,0,0,"",""
"Minero Agroecológica","10_Seguridad","coca",5,5,0,0,"",""
"Minero Agroecológica","10_Seguridad","evoa",5,4,1,0,"5890",""
"Minero Agroecológica","10_Seguridad","delitos",5,5,0,0,"",""
"Minero Agroecológica","10_Seguridad","total_victimas",5,5,0,0,"",""
"Minero Agroecológica","10_Seguridad","srtdaf",5,5,0,0,"",""
"Minero Agroecológica","10_Seguridad","tasas",5,5,0,0,"",""
"Minero Agroecológica","10_Seguridad","irv",5,5,0,0,"",""
"Minero Agroecológica","10_Seguridad","desaparecidos",5,5,0,0,"",""
"Minero Agroecológica","10_Seguridad","_mapa10_homicidios",5,5,0,0,"",""
"Penderisco y Sinifana","01_Generalidades","distribucion_territorial",8,8,0,0,"",""
"Penderisco y Sinifana","01_Generalidades","_mapa01_area",8,8,0,0,"",""
"Penderisco y Sinifana","02_Demografia","poblacion",8,8,0,0,"",""
"Penderisco y Sinifana","02_Demografia","estructura_edad",8,8,0,0,"",""
"Penderisco y Sinifana","02_Demografia","natalidad_mortalidad",8,8,0,0,"",""
"Penderisco y Sinifana","02_Demografia","migracion",8,8,0,0,"",""
"Penderisco y Sinifana","02_Demografia","_mapa02_densidad",8,8,0,0,"",""
"Penderisco y Sinifana","03_Ordenamiento","deficit_vivienda",8,8,0,0,"",""
"Penderisco y Sinifana","03_Ordenamiento","servicios_publicos",8,8,0,0,"",""
"Penderisco y Sinifana","03_Ordenamiento","vias_area",8,8,0,0,"",""
"Penderisco y Sinifana","03_Ordenamiento","vias_habitantes",8,8,0,0,"",""
"Penderisco y Sinifana","03_Ordenamiento","catastro",8,8,0,0,"",""
"Penderisco y Sinifana","03_Ordenamiento","imca",8,8,0,0,"",""
"Penderisco y Sinifana","03_Ordenamiento","gobierno_digital",8,8,0,0,"",""
"Penderisco y Sinifana","03_Ordenamiento","tti_edsup",8,8,0,0,"",""
"Penderisco y Sinifana","03_Ordenamiento","internet_2025",8,8,0,0,"",""
"Penderisco y Sinifana","03_Ordenamiento","uso_suelo_rural",8,8,0,0,"",""
"Penderisco y Sinifana","03_Ordenamiento","_mapa03_deficit_vivienda",8,8,0,0,"",""
"Penderisco y Sinifana","04_Gobernabilidad","mdm",8,8,0,0,"",""
"Penderisco y Sinifana","04_Gobernabilidad","idf",8,8,0,0,"",""
"Penderisco y Sinifana","04_Gobernabilidad","ley617",8,8,0,0,"",""
"Penderisco y Sinifana","04_Gobernabilidad","icm",8,8,0,0,"",""
"Penderisco y Sinifana","05_Economia","extranjeros_municipio",8,8,0,0,"",""
"Penderisco y Sinifana","05_Economia","ecv_pobreza",8,8,0,0,"",""
"Penderisco y Sinifana","05_Economia","ecv_ipm",8,8,0,0,"",""
"Penderisco y Sinifana","05_Economia","ecv_gini",8,8,0,0,"",""
"Penderisco y Sinifana","05_Economia","ecv_ocupacion_informal",8,8,0,0,"",""
"Penderisco y Sinifana","05_Economia","ecv_desocupacion_nini",8,8,0,0,"",""
"Penderisco y Sinifana","05_Economia","turismo_instrumentos",8,8,0,0,"",""
"Penderisco y Sinifana","05_Economia","dependencia_economica",8,8,0,0,"",""
"Penderisco y Sinifana","05_Economia","densidad_empresarial",8,8,0,0,"",""
"Penderisco y Sinifana","05_Economia","valor_agregado",8,8,0,0,"",""
"Penderisco y Sinifana","05_Economia","va_actividades",8,8,0,0,"",""
"Penderisco y Sinifana","05_Economia","energia_centrales",8,2,6,0,"5030 5036 5044 5093 5125 5809",""
"Penderisco y Sinifana","05_Economia","_mapa05_va_percapita",8,8,0,0,"",""
"Penderisco y Sinifana","06_Desarrollo_Rural","inventario_pecuario",8,8,0,0,"",""
"Penderisco y Sinifana","06_Desarrollo_Rural","participacion_municipal",8,8,0,0,"",""
"Penderisco y Sinifana","06_Desarrollo_Rural","composicion_especies",8,8,0,0,"",""
"Penderisco y Sinifana","06_Desarrollo_Rural","area_km2",8,8,0,0,"",""
"Penderisco y Sinifana","06_Desarrollo_Rural","composicion_agricola",8,8,0,0,"",""
"Penderisco y Sinifana","06_Desarrollo_Rural","rendimiento",8,8,0,0,"",""
"Penderisco y Sinifana","07_Ambiental","detalle",8,7,1,0,"5809",""
"Penderisco y Sinifana","07_Ambiental","irca",8,8,0,0,"",""
"Penderisco y Sinifana","07_Ambiental","eventos_tipo",8,8,0,0,"",""
"Penderisco y Sinifana","07_Ambiental","eventos_año",8,8,0,0,"",""
"Penderisco y Sinifana","07_Ambiental","desastres_selectos",8,8,0,0,"",""
"Penderisco y Sinifana","07_Ambiental","imrc",8,8,0,0,"",""
"Penderisco y Sinifana","07_Ambiental","perdida_cobertura",8,8,0,0,"",""
"Penderisco y Sinifana","07_Ambiental","_mapa07_perdida_cobertura",8,8,0,0,"",""
"Penderisco y Sinifana","08_Educacion","educacion",8,8,0,0,"",""
"Penderisco y Sinifana","08_Educacion","_mapa08_cobertura_neta",8,8,0,0,"",""
"Penderisco y Sinifana","09_Salud","bajo_peso",8,8,0,0,"",""
"Penderisco y Sinifana","09_Salud","enfermedades_tropicales",8,8,0,0,"",""
"Penderisco y Sinifana","09_Salud","suicidios",8,8,0,0,"",""
"Penderisco y Sinifana","09_Salud","aseguramiento_sgsss",8,8,0,0,"",""
"Penderisco y Sinifana","09_Salud","mortalidad_infantil",8,8,0,0,"",""
"Penderisco y Sinifana","09_Salud","_mapa09_mortalidad_infantil",8,8,0,0,"",""
"Penderisco y Sinifana","10_Seguridad","coca",8,0,8,0,"5030 5036 5044 5093 5125 5209 5809 5847",""
"Penderisco y Sinifana","10_Seguridad","evoa",8,1,7,0,"5030 5036 5044 5093 5125 5209 5809",""
"Penderisco y Sinifana","10_Seguridad","delitos",8,8,0,0,"",""
"Penderisco y Sinifana","10_Seguridad","total_victimas",8,8,0,0,"",""
"Penderisco y Sinifana","10_Seguridad","srtdaf",8,8,0,0,"",""
"Penderisco y Sinifana","10_Seguridad","tasas",8,8,0,0,"",""
"Penderisco y Sinifana","10_Seguridad","irv",8,8,0,0,"",""
"Penderisco y Sinifana","10_Seguridad","desaparecidos",8,8,0,0,"",""
"Penderisco y Sinifana","10_Seguridad","_mapa10_homicidios",8,8,0,0,"",""
"Área Metropolitana","01_Generalidades","distribucion_territorial",10,10,0,0,"",""
"Área Metropolitana","01_Generalidades","_mapa01_area",10,10,0,0,"",""
"Área Metropolitana","02_Demografia","poblacion",10,10,0,0,"",""
"Área Metropolitana","02_Demografia","estructura_edad",10,10,0,0,"",""
"Área Metropolitana","02_Demografia","natalidad_mortalidad",10,10,0,0,"",""
"Área Metropolitana","02_Demografia","migracion",10,10,0,0,"",""
"Área Metropolitana","02_Demografia","_mapa02_densidad",10,10,0,0,"",""
"Área Metropolitana","03_Ordenamiento","deficit_vivienda",10,10,0,0,"",""
"Área Metropolitana","03_Ordenamiento","servicios_publicos",10,10,0,0,"",""
"Área Metropolitana","03_Ordenamiento","vias_area",10,10,0,0,"",""
"Área Metropolitana","03_Ordenamiento","vias_habitantes",10,10,0,0,"",""
"Área Metropolitana","03_Ordenamiento","catastro",10,2,8,0,"5001 5079 5088 5212 5266 5308 5380 5631",""
"Área Metropolitana","03_Ordenamiento","imca",10,10,0,0,"",""
"Área Metropolitana","03_Ordenamiento","gobierno_digital",10,10,0,0,"",""
"Área Metropolitana","03_Ordenamiento","tti_edsup",10,10,0,0,"",""
"Área Metropolitana","03_Ordenamiento","internet_2025",10,10,0,0,"",""
"Área Metropolitana","03_Ordenamiento","uso_suelo_rural",10,10,0,0,"",""
"Área Metropolitana","03_Ordenamiento","_mapa03_deficit_vivienda",10,10,0,0,"",""
"Área Metropolitana","04_Gobernabilidad","mdm",10,10,0,0,"",""
"Área Metropolitana","04_Gobernabilidad","idf",10,10,0,0,"",""
"Área Metropolitana","04_Gobernabilidad","ley617",10,10,0,0,"",""
"Área Metropolitana","04_Gobernabilidad","icm",10,10,0,0,"",""
"Área Metropolitana","05_Economia","extranjeros_municipio",10,10,0,0,"",""
"Área Metropolitana","05_Economia","ecv_pobreza",10,10,0,0,"",""
"Área Metropolitana","05_Economia","ecv_ipm",10,10,0,0,"",""
"Área Metropolitana","05_Economia","ecv_gini",10,10,0,0,"",""
"Área Metropolitana","05_Economia","ecv_ocupacion_informal",10,10,0,0,"",""
"Área Metropolitana","05_Economia","ecv_desocupacion_nini",10,10,0,0,"",""
"Área Metropolitana","05_Economia","turismo_instrumentos",10,10,0,0,"",""
"Área Metropolitana","05_Economia","dependencia_economica",10,10,0,0,"",""
"Área Metropolitana","05_Economia","densidad_empresarial",10,10,0,0,"",""
"Área Metropolitana","05_Economia","valor_agregado",10,10,0,0,"",""
"Área Metropolitana","05_Economia","va_actividades",10,10,0,0,"",""
"Área Metropolitana","05_Economia","energia_centrales",10,5,5,0,"5079 5129 5212 5360 5631",""
"Área Metropolitana","05_Economia","_mapa05_va_percapita",10,10,0,0,"",""
"Área Metropolitana","06_Desarrollo_Rural","inventario_pecuario",10,10,0,0,"",""
"Área Metropolitana","06_Desarrollo_Rural","participacion_municipal",10,10,0,0,"",""
"Área Metropolitana","06_Desarrollo_Rural","composicion_especies",10,10,0,0,"",""
"Área Metropolitana","06_Desarrollo_Rural","area_km2",10,10,0,0,"",""
"Área Metropolitana","06_Desarrollo_Rural","composicion_agricola",10,10,0,0,"",""
"Área Metropolitana","06_Desarrollo_Rural","rendimiento",10,10,0,0,"",""
"Área Metropolitana","07_Ambiental","detalle",10,7,3,0,"5079 5308 5631",""
"Área Metropolitana","07_Ambiental","irca",10,10,0,0,"",""
"Área Metropolitana","07_Ambiental","eventos_tipo",10,10,0,0,"",""
"Área Metropolitana","07_Ambiental","eventos_año",10,10,0,0,"",""
"Área Metropolitana","07_Ambiental","desastres_selectos",10,10,0,0,"",""
"Área Metropolitana","07_Ambiental","imrc",10,10,0,0,"",""
"Área Metropolitana","07_Ambiental","perdida_cobertura",10,10,0,0,"",""
"Área Metropolitana","07_Ambiental","_mapa07_perdida_cobertura",10,10,0,0,"",""
"Área Metropolitana","08_Educacion","educacion",10,10,0,0,"",""
"Área Metropolitana","08_Educacion","_mapa08_cobertura_neta",10,10,0,0,"",""
"Área Metropolitana","09_Salud","bajo_peso",10,10,0,0,"",""
"Área Metropolitana","09_Salud","enfermedades_tropicales",10,10,0,0,"",""
"Área Metropolitana","09_Salud","suicidios",10,10,0,0,"",""
"Área Metropolitana","09_Salud","aseguramiento_sgsss",10,10,0,0,"",""
"Área Metropolitana","09_Salud","mortalidad_infantil",10,10,0,0,"",""
"Área Metropolitana","09_Salud","_mapa09_mortalidad_infantil",10,10,0,0,"",""
"Área Metropolitana","10_Seguridad","coca",10,0,10,0,"5001 5079 5088 5129 5212 5266 5308 5360 5380 5631",""
"Área Metropolitana","10_Seguridad","evoa",10,0,10,0,"5001 5079 5088 5129 5212 5266 5308 5360 5380 5631",""
"Área Metropolitana","10_Seguridad","delitos",10,10,0,0,"",""
"Área Metropolitana","10_Seguridad","total_victimas",10,10,0,0,"",""
"Área Metropolitana","10_Seguridad","srtdaf",10,9,1,0,"5631",""
"Área Metropolitana","10_Seguridad","tasas",10,9,1,0,"5631",""
"Área Metropolitana","10_Seguridad","irv",10,10,0,0,"",""
"Área Metropolitana","10_Seguridad","desaparecidos",10,10,0,0,"",""
"Área Metropolitana","10_Seguridad","_mapa10_homicidios",10,10,0,0,"",""
