"familia","ficha","usada_por_el_pipeline","ruta"
"Accidentalidad","Hogares donde algún miembro de la familia tuvo un accidente",FALSE,"00_Documentos/Fichas Tecnicas/Accidentalidad/Hogares donde algún miembro de la familia tuvo un accidente.docx"
"Accidentalidad","Tasa de accidentalidad",FALSE,"00_Documentos/Fichas Tecnicas/Accidentalidad/Tasa de accidentalidad.docx"
"Calidad de Vida","ICV AMetro",FALSE,"00_Documentos/Fichas Tecnicas/Calidad de Vida/ICV AMetro.docx"
"Calidad de Vida","ICV Depto",FALSE,"00_Documentos/Fichas Tecnicas/Calidad de Vida/ICV Depto.docx"
"Calidad de Vida","IMCV",FALSE,"00_Documentos/Fichas Tecnicas/Calidad de Vida/IMCV.docx"
"Calidad de Vida","Índice de felicidad",FALSE,"00_Documentos/Fichas Tecnicas/Calidad de Vida/Índice de felicidad.docx"
"Calidad de Vida","IPM",FALSE,"00_Documentos/Fichas Tecnicas/Calidad de Vida/IPM.docx"
"Calidad de Vida","Línea de indigencia",FALSE,"00_Documentos/Fichas Tecnicas/Calidad de Vida/Línea de indigencia.docx"
"Calidad de Vida","Línea de pobreza",FALSE,"00_Documentos/Fichas Tecnicas/Calidad de Vida/Línea de pobreza.docx"
"Calidad de Vida","NBI",FALSE,"00_Documentos/Fichas Tecnicas/Calidad de Vida/NBI.docx"
"Demografía","Índice de dependencia económica",TRUE,"00_Documentos/Fichas Tecnicas/Demografía/Índice de dependencia económica.docx"
"Demografía","Índice de masculinidad",FALSE,"00_Documentos/Fichas Tecnicas/Demografía/Índice de masculinidad.docx"
"Demografía","Jefe del hogar hombre sin cónyuge ",FALSE,"00_Documentos/Fichas Tecnicas/Demografía/Jefe del hogar hombre sin cónyuge .docx"
"Demografía","Jefe del hogar hombre sin cónyuge y con hijos menores de 18",FALSE,"00_Documentos/Fichas Tecnicas/Demografía/Jefe del hogar hombre sin cónyuge y con hijos menores de 18.docx"
"Demografía","Jefe del hogar hombre",FALSE,"00_Documentos/Fichas Tecnicas/Demografía/Jefe del hogar hombre.docx"
"Demografía","Jefe del hogar mujer sin cónyuge y con hijos menores de 18",FALSE,"00_Documentos/Fichas Tecnicas/Demografía/Jefe del hogar mujer sin cónyuge y con hijos menores de 18.docx"
"Demografía","Jefe del hogar mujer sin cónyuge",FALSE,"00_Documentos/Fichas Tecnicas/Demografía/Jefe del hogar mujer sin cónyuge.docx"
"Demografía","Jefe del hogar mujer",FALSE,"00_Documentos/Fichas Tecnicas/Demografía/Jefe del hogar mujer.docx"
"Demografía","Proporción de población campesina",FALSE,"00_Documentos/Fichas Tecnicas/Demografía/Proporción de población campesina.docx"
"Demografía","Tasa de migración",FALSE,"00_Documentos/Fichas Tecnicas/Demografía/Tasa de migración.docx"
"Discapacidad","Personas con alguna dificultad funcional",FALSE,"00_Documentos/Fichas Tecnicas/Discapacidad/Personas con alguna dificultad funcional.docx"
"Educación","Bilingüismo",FALSE,"00_Documentos/Fichas Tecnicas/Educación/Bilingüismo.docx"
"Educación","Nivel educativo",FALSE,"00_Documentos/Fichas Tecnicas/Educación/Nivel educativo.docx"
"Educación","Porcentaje de población que no estudia y no tiene trabajo",FALSE,"00_Documentos/Fichas Tecnicas/Educación/Porcentaje de población que no estudia y no tiene trabajo.docx"
"Educación","Promedio años de educación",FALSE,"00_Documentos/Fichas Tecnicas/Educación/Promedio años de educación.docx"
"Educación","Promedio de libros leídos al año por persona",FALSE,"00_Documentos/Fichas Tecnicas/Educación/Promedio de libros leídos al año por persona.docx"
"Educación","Tasa bruta de Escolaridad",FALSE,"00_Documentos/Fichas Tecnicas/Educación/Tasa bruta de Escolaridad.docx"
"Educación","Tasa de analfabetismo",FALSE,"00_Documentos/Fichas Tecnicas/Educación/Tasa de analfabetismo.docx"
"Educación","Tasa de asistencia Escolar",FALSE,"00_Documentos/Fichas Tecnicas/Educación/Tasa de asistencia Escolar.docx"
"Educación","Tasa de deserción Escolar",TRUE,"00_Documentos/Fichas Tecnicas/Educación/Tasa de deserción Escolar.docx"
"Educación","Tasa neta de Escolaridad",FALSE,"00_Documentos/Fichas Tecnicas/Educación/Tasa neta de Escolaridad.docx"
"Fuerza laboral","Curva de Lorenz",FALSE,"00_Documentos/Fichas Tecnicas/Fuerza laboral/Curva de Lorenz.docx"
"Fuerza laboral","Gini de ingresos hogares",FALSE,"00_Documentos/Fichas Tecnicas/Fuerza laboral/Gini de ingresos hogares.docx"
"Fuerza laboral","Gini de ingresos laborales",FALSE,"00_Documentos/Fichas Tecnicas/Fuerza laboral/Gini de ingresos laborales.docx"
"Fuerza laboral","Ingreso Per cápita en el hogar",FALSE,"00_Documentos/Fichas Tecnicas/Fuerza laboral/Ingreso Per cápita en el hogar.docx"
"Fuerza laboral","Ingreso Per cápita",FALSE,"00_Documentos/Fichas Tecnicas/Fuerza laboral/Ingreso Per cápita.docx"
"Fuerza laboral","Medida Compuesta de Subutulización de la Fuerza de Trabajo",FALSE,"00_Documentos/Fichas Tecnicas/Fuerza laboral/Medida Compuesta de Subutulización de la Fuerza de Trabajo.docx"
"Fuerza laboral","Población ocupada por Posición Ocupacional",FALSE,"00_Documentos/Fichas Tecnicas/Fuerza laboral/Población ocupada por Posición Ocupacional.docx"
"Fuerza laboral","Población ocupada por ramas de Actividad Económica",FALSE,"00_Documentos/Fichas Tecnicas/Fuerza laboral/Población ocupada por ramas de Actividad Económica.docx"
"Fuerza laboral","Promedio de ingresos de la población ocupada",FALSE,"00_Documentos/Fichas Tecnicas/Fuerza laboral/Promedio de ingresos de la población ocupada.docx"
"Fuerza laboral","Promedio de ingresos de los hogares",FALSE,"00_Documentos/Fichas Tecnicas/Fuerza laboral/Promedio de ingresos de los hogares.docx"
"Fuerza laboral","Tasa Bruta de Participación",FALSE,"00_Documentos/Fichas Tecnicas/Fuerza laboral/Tasa Bruta de Participación.docx"
"Fuerza laboral","Tasa Combinada de Desocupación y Fuerza de Trabajo Potencial",FALSE,"00_Documentos/Fichas Tecnicas/Fuerza laboral/Tasa Combinada de Desocupación y Fuerza de Trabajo Potencial.docx"
"Fuerza laboral","Tasa Combinada de Desocupación y Subocupación",FALSE,"00_Documentos/Fichas Tecnicas/Fuerza laboral/Tasa Combinada de Desocupación y Subocupación.docx"
"Fuerza laboral","Tasa de desocupación",TRUE,"00_Documentos/Fichas Tecnicas/Fuerza laboral/Tasa de desocupación.docx"
"Fuerza laboral","Tasa de informalidad",FALSE,"00_Documentos/Fichas Tecnicas/Fuerza laboral/Tasa de informalidad.docx"
"Fuerza laboral","Tasa de ocupación",TRUE,"00_Documentos/Fichas Tecnicas/Fuerza laboral/Tasa de ocupación.docx"
"Fuerza laboral","Tasa de subocupación",FALSE,"00_Documentos/Fichas Tecnicas/Fuerza laboral/Tasa de subocupación.docx"
"Fuerza laboral","Tasa Global de Participación",FALSE,"00_Documentos/Fichas Tecnicas/Fuerza laboral/Tasa Global de Participación.docx"
"Fuerza laboral","Trabajo infantil",FALSE,"00_Documentos/Fichas Tecnicas/Fuerza laboral/Trabajo infantil.docx"
"General ECV2023","1. Ficha técnica",FALSE,"00_Documentos/Fichas Tecnicas/General ECV2023/1. Ficha técnica.docx"
"Recreación, deporte y cultura","Porcentaje de personas inscritas en programas recreativos",FALSE,"00_Documentos/Fichas Tecnicas/Recreación, deporte y cultura/Porcentaje de personas inscritas en programas recreativos.docx"
"Recreación, deporte y cultura","Porcentaje de personas que asisten a eventos culturales",FALSE,"00_Documentos/Fichas Tecnicas/Recreación, deporte y cultura/Porcentaje de personas que asisten a eventos culturales.docx"
"Recreación, deporte y cultura","Porcentaje de personas que practican actividades deportivas",FALSE,"00_Documentos/Fichas Tecnicas/Recreación, deporte y cultura/Porcentaje de personas que practican actividades deportivas.docx"
"Seguridad alimentaria","Inseguridad alimentaria",FALSE,"00_Documentos/Fichas Tecnicas/Seguridad alimentaria/Inseguridad alimentaria.docx"
"Seguridad alimentaria","Percepción sobre la discriminación racial",FALSE,"00_Documentos/Fichas Tecnicas/Seguridad alimentaria/Percepción sobre la discriminación racial.docx"
"Seguridad social","Población afiliada al Sistema General de Seguridad Social en Salud",FALSE,"00_Documentos/Fichas Tecnicas/Seguridad social/Población afiliada al Sistema General de Seguridad Social en Salud.docx"
"Seguridad social","Población afiliada al Sistema General de Seguridad Social Integralcoregfuente",FALSE,"00_Documentos/Fichas Tecnicas/Seguridad social/Población afiliada al Sistema General de Seguridad Social Integralcoregfuente.docx"
"Seguridad y convivencia","Percepción de la seguridad e inseguridadfuente",FALSE,"00_Documentos/Fichas Tecnicas/Seguridad y convivencia/Percepción de la seguridad e inseguridadfuente.docx"
"Seguridad y convivencia","Tasa de delitos",FALSE,"00_Documentos/Fichas Tecnicas/Seguridad y convivencia/Tasa de delitos.docx"
"Vivienda","Cobertura residencial de gas",FALSE,"00_Documentos/Fichas Tecnicas/Vivienda/Cobertura residencial de gas.docx"
"Vivienda","Cobertura residencial de servicios públicos",FALSE,"00_Documentos/Fichas Tecnicas/Vivienda/Cobertura residencial de servicios públicos.docx"
"Vivienda","Cobertura residencial otros servicios",FALSE,"00_Documentos/Fichas Tecnicas/Vivienda/Cobertura residencial otros servicios.docx"
"Vivienda","Déficit cualitativo de vivienda1",TRUE,"00_Documentos/Fichas Tecnicas/Vivienda/Déficit cualitativo de vivienda1.docx"
"Vivienda","Déficit cuantitativo de vivienda1",TRUE,"00_Documentos/Fichas Tecnicas/Vivienda/Déficit cuantitativo de vivienda1.docx"
