"derivado","columna","tipo","distintos","pct_vacios","ejemplo"
"20250506 EDUCACION","ind_mpio","decimal",125,0,"   5001"
"20250506 EDUCACION","nvl_label","texto",125,0,"Medellín"
"20250506 EDUCACION","clas_cole","decimal",43,0,"42.0588"
"20250506 EDUCACION","ninis","decimal",125,0,"21.4838"
"20250506 EDUCACION","tcb_edsup","decimal",52,0,"115.969"
"20250506 EDUCACION","tcb_media","decimal",122,0,"  98.57"
"20250506 EDUCACION","tcb_primaria","decimal",124,0," 104.44"
"20250506 EDUCACION","tcb_secundaria","decimal",123,0," 110.28"
"20250506 EDUCACION","tcb_transicion","decimal",125,0,"  88.55"
"20250506 EDUCACION","tdes_media","decimal",113,0,"   3.93"
"20250506 EDUCACION","tdes_primaria","decimal",116,0,"   4.85"
"20250506 EDUCACION","tdes_secundaria","decimal",112,0,"   6.75"
"20250506 EDUCACION","tdes_transicion","decimal",106,0,"   4.84"
"20250506 EDUCACION","trep_media","decimal",104,0,"   4.82"
"20250506 EDUCACION","trep_primaria","decimal",115,0,"   7.86"
"20250506 EDUCACION","trep_secundaria","decimal",121,0,"  13.73"
"20250506 EDUCACION","trep_transicion","decimal",85,0,"   1.89"
"20250506 EDUCACION","tti_edsup","decimal",124,0,"49.3626"
"20260504_SEGURIDAD_SALUD_DEFICT_VIVIENDA","ind_mpio","decimal",125,0,"   5001"
"20260504_SEGURIDAD_SALUD_DEFICT_VIVIENDA","nvl_label","texto",125,0,"Medellín"
"20260504_SEGURIDAD_SALUD_DEFICT_VIVIENDA","tasa_natalidad","decimal",125,0,"7.80153"
"20260504_SEGURIDAD_SALUD_DEFICT_VIVIENDA","tasa_mortalidad","decimal",125,0,"6.47471"
"20260504_SEGURIDAD_SALUD_DEFICT_VIVIENDA","crec_vegetativo","decimal",125,0,"1.32682"
"20260504_SEGURIDAD_SALUD_DEFICT_VIVIENDA","percepción_seguridad","decimal",125,0,"0.606802"
"20260504_SEGURIDAD_SALUD_DEFICT_VIVIENDA","tasa_delitos","decimal",108,0,"0.0677347"
"20260504_SEGURIDAD_SALUD_DEFICT_VIVIENDA","IRV","decimal",125,0,"0.183561"
"20260504_SEGURIDAD_SALUD_DEFICT_VIVIENDA","VBG","decimal",125,0,"426.041"
"20260504_SEGURIDAD_SALUD_DEFICT_VIVIENDA","VBG_jovenes","decimal",125,0,"557.056"
"20260504_SEGURIDAD_SALUD_DEFICT_VIVIENDA","VBG_adolescentes","decimal",124,0,"708.421"
"20260504_SEGURIDAD_SALUD_DEFICT_VIVIENDA","homicidios","decimal",124,0,"13.0339"
"20260504_SEGURIDAD_SALUD_DEFICT_VIVIENDA","vinculacion_nna","decimal",26,0,"      0"
"20260504_SEGURIDAD_SALUD_DEFICT_VIVIENDA","mortalidad_desnutrición","decimal",17,0,"1.67496"
"20260504_SEGURIDAD_SALUD_DEFICT_VIVIENDA","bajo_peso","decimal",114,0,"12.3695"
"20260504_SEGURIDAD_SALUD_DEFICT_VIVIENDA","desnutrición_aguda","decimal",115,0,"562.471"
"20260504_SEGURIDAD_SALUD_DEFICT_VIVIENDA","controles_prenatales","decimal",111,0,"4.00774"
"20260504_SEGURIDAD_SALUD_DEFICT_VIVIENDA","fecundidad_niñas","decimal",114,0,"1.18822"
"20260504_SEGURIDAD_SALUD_DEFICT_VIVIENDA","fecundidad_adolescentes","decimal",125,0,"27.7947"
"20260504_SEGURIDAD_SALUD_DEFICT_VIVIENDA","camas","decimal",125,0," 283.69"
"20260504_SEGURIDAD_SALUD_DEFICT_VIVIENDA","IRA","decimal",42,0,"6.09654"
"20260504_SEGURIDAD_SALUD_DEFICT_VIVIENDA","dengue","decimal",90,0,"12.3129"
"20260504_SEGURIDAD_SALUD_DEFICT_VIVIENDA","malaria","decimal",60,0,"22.1426"
"20260504_SEGURIDAD_SALUD_DEFICT_VIVIENDA","leishmaniasis","decimal",89,0,"21.4145"
"20260504_SEGURIDAD_SALUD_DEFICT_VIVIENDA","acueducto_rural","decimal",116,0,"0.920245"
"20260504_SEGURIDAD_SALUD_DEFICT_VIVIENDA","alcantarillado_rural","decimal",118,0,"4.29448"
"20260504_SEGURIDAD_SALUD_DEFICT_VIVIENDA","acueducto_urbano","decimal",92,0,"1.24469"
"20260504_SEGURIDAD_SALUD_DEFICT_VIVIENDA","alcantarillado_urbano","decimal",105,0,"1.56685"
"20260504_SEGURIDAD_SALUD_DEFICT_VIVIENDA","deficit_cuali","decimal",125,0.8,"13.6663"
"20260504_SEGURIDAD_SALUD_DEFICT_VIVIENDA","deficit_cuanti","decimal",124,0.8," 1.4732"
"20260504_SEGURIDAD_SALUD_DEFICT_VIVIENDA","hacinamiento_rural","decimal",57,0,"0.306748"
"20260504_SEGURIDAD_SALUD_DEFICT_VIVIENDA","hacinamiento_urbano","decimal",47,0,"0.644311"
"20260504_SEGURIDAD_SALUD_DEFICT_VIVIENDA","Población_2023","decimal",125,0,"2.5953e+06"
"20260504_SEGURIDAD_SALUD_DEFICT_VIVIENDA","IRCC","decimal",125,0,"0.214702"
"20260504_SEGURIDAD_SALUD_DEFICT_VIVIENDA","afectados_dn","decimal",123,0,"289.788"
"20260504_SEGURIDAD_SALUD_DEFICT_VIVIENDA","perdida_ca","decimal",70,0,"    0.1"
"codigos_provincias","ind_mpio","entero",88,0,"   5001"
"codigos_provincias","nvl_label","texto",88,0,"MEDELLIN"
"codigos_provincias","municipio","texto",88,0,"Medellín"
"codigos_provincias","subregion","texto",6,0,"VALLE DE ABURRA"
"codigos_provincias","provincia","texto",11,0,"AREA METROPOLITANA"
"codigos_provincias","id_provincia","entero",11,0,"     11"
"ECV_nbi_pobreza","ind_mpio","entero",125,0,"   5001"
"ECV_nbi_pobreza","NomMunicipio","texto",125,0,"Medellín"
"ECV_nbi_pobreza","tot_emp_informal","decimal",125,0,"41.1278"
"ECV_nbi_pobreza","urb_emp_informal","decimal",125,0,"40.8952"
"ECV_nbi_pobreza","rur_emp_informal","decimal",125,0,"42.7051"
"ECV_nbi_pobreza","tot_emp_informal_hombres","decimal",125,0," 40.835"
"ECV_nbi_pobreza","urb_emp_informal_hombres","decimal",125,0," 40.711"
"ECV_nbi_pobreza","rur_emp_informal_hombres","decimal",125,0," 41.662"
"ECV_nbi_pobreza","tot_emp_informal_mujeres","decimal",125,0,"41.4949"
"ECV_nbi_pobreza","urb_emp_informal_mujeres","decimal",125,0," 41.125"
"ECV_nbi_pobreza","rur_emp_informal_mujeres","decimal",125,0,"44.0561"
"ECV_nbi_pobreza","tot_gini_hog","decimal",125,0,"0.49453"
"ECV_nbi_pobreza","urb_gini_hog","decimal",125,0,"0.49368"
"ECV_nbi_pobreza","rur_gini_hog","decimal",125,0,"0.491662"
"ECV_nbi_pobreza","tot_gini_lab","decimal",125,0,"0.37418"
"ECV_nbi_pobreza","urb_gini_lab","decimal",125,0,"0.372657"
"ECV_nbi_pobreza","rur_gini_lab","decimal",125,0,"0.380054"
"ECV_nbi_pobreza","tot_hog_mono_fem","decimal",125,0,"12.7035"
"ECV_nbi_pobreza","urb_hog_mono_fem","decimal",110,0,"12.6101"
"ECV_nbi_pobreza","rur_hog_mono_fem","decimal",104,0," 13.369"
"ECV_nbi_pobreza","tot_ins_alim_mod","decimal",125,0,"19.6128"
"ECV_nbi_pobreza","urb_ins_alim_mod","decimal",115,0,"19.3633"
"ECV_nbi_pobreza","rur_ins_alim_mod","decimal",114,0,"21.3701"
"ECV_nbi_pobreza","tot_ins_alim_mod_18","decimal",125,0,"22.3153"
"ECV_nbi_pobreza","urb_ins_alim_mod_18","decimal",98,0,"22.3301"
"ECV_nbi_pobreza","rur_ins_alim_mod_18","decimal",98,0,"22.2222"
"ECV_nbi_pobreza","tot_ins_alim_mod_5","decimal",124,0,"24.4751"
"ECV_nbi_pobreza","urb_ins_alim_mod_5","decimal",63,0,"23.8987"
"ECV_nbi_pobreza","rur_ins_alim_mod_5","decimal",61,0,"28.0822"
"ECV_nbi_pobreza","tot_ins_alim_sev","decimal",125,0,"18.8734"
"ECV_nbi_pobreza","urb_ins_alim_sev","decimal",123,0,"18.9544"
"ECV_nbi_pobreza","rur_ins_alim_sev","decimal",121,0,"18.3027"
"ECV_nbi_pobreza","tot_ins_alim_sev_18","decimal",125,0,"20.2587"
"ECV_nbi_pobreza","urb_ins_alim_sev_18","decimal",105,0,"20.3883"
"ECV_nbi_pobreza","rur_ins_alim_sev_18","decimal",95,0,"19.4444"
"ECV_nbi_pobreza","tot_ins_alim_sev_5","decimal",122,0,"17.7431"
"ECV_nbi_pobreza","urb_ins_alim_sev_5","decimal",62,0,"17.9515"
"ECV_nbi_pobreza","rur_ins_alim_sev_5","decimal",57,0,"16.4384"
"ECV_nbi_pobreza","tot_nini","decimal",125,0,"21.4838"
"ECV_nbi_pobreza","urb_nini","decimal",125,0,"21.5816"
"ECV_nbi_pobreza","rur_nini","decimal",125,0,"20.7848"
"ECV_nbi_pobreza","tot_pbl_camp","decimal",125,0,"14.7742"
"ECV_nbi_pobreza","urb_pbl_camp","decimal",125,0,"11.3785"
"ECV_nbi_pobreza","rur_pbl_camp","decimal",116,0,"37.7156"
"ECV_nbi_pobreza","tot_pob_acueducto","decimal",123,0,"98.6685"
"ECV_nbi_pobreza","urb_pob_acueducto","decimal",93,0,"98.7553"
"ECV_nbi_pobreza","rur_pob_acueducto","decimal",117,0,"98.0573"
"ECV_nbi_pobreza","tot_pob_alcantarillado","decimal",125,0,"97.9849"
"ECV_nbi_pobreza","urb_pob_alcantarillado","decimal",103,0,"99.0921"
"ECV_nbi_pobreza","rur_pob_alcantarillado","decimal",121,0," 90.184"
"ECV_nbi_pobreza","tot_pob_energia","decimal",96,0,"99.3856"
"ECV_nbi_pobreza","urb_pob_energia","decimal",44,0,"99.4435"
"ECV_nbi_pobreza","rur_pob_energia","decimal",70,0,"98.9775"
"ECV_nbi_pobreza","tot_pob_ext","decimal",119,0,"2.74881"
"ECV_nbi_pobreza","urb_pob_ext","decimal",112,0,"2.67135"
"ECV_nbi_pobreza","rur_pob_ext","decimal",98,0,"3.25773"
"ECV_nbi_pobreza","tot_pob_ext_hombres","decimal",116,0,"2.66322"
"ECV_nbi_pobreza","urb_pob_ext_hombres","decimal",110,0,"2.58988"
"ECV_nbi_pobreza","rur_pob_ext_hombres","decimal",94,0," 3.1453"
"ECV_nbi_pobreza","tot_pob_ext_mujeres","decimal",119,0,"2.82459"
"ECV_nbi_pobreza","urb_pob_ext_mujeres","decimal",112,0," 2.7435"
"ECV_nbi_pobreza","rur_pob_ext_mujeres","decimal",98,0,"3.35718"
"ECV_nbi_pobreza","tot_pob_gas_natural","decimal",112,0,"79.2927"
"ECV_nbi_pobreza","urb_pob_gas_natural","decimal",107,0,"81.5346"
"ECV_nbi_pobreza","rur_pob_gas_natural","decimal",97,0,"63.4969"
"ECV_nbi_pobreza","tot_pob_gas_pipeta","decimal",125,0,"18.7229"
"ECV_nbi_pobreza","urb_pob_gas_pipeta","decimal",122,0,"16.6057"
"ECV_nbi_pobreza","rur_pob_gas_pipeta","decimal",121,0,"33.6401"
"ECV_nbi_pobreza","tot_pob_internet","decimal",125,0,"70.4836"
"ECV_nbi_pobreza","urb_pob_internet","decimal",122,0,"71.5478"
"ECV_nbi_pobreza","rur_pob_internet","decimal",119,0,"62.9857"
"ECV_nbi_pobreza","tot_pob_ipm","decimal",125,0,"6.03684"
"ECV_nbi_pobreza","urb_pob_ipm","decimal",122,0,"6.20355"
"ECV_nbi_pobreza","rur_pob_ipm","decimal",125,0,"4.94158"
"ECV_nbi_pobreza","tot_pob_ipm_hogares","decimal",125,0,"4.17868"
"ECV_nbi_pobreza","urb_pob_ipm_hogares","decimal",118,0,"4.23481"
"ECV_nbi_pobreza","rur_pob_ipm_hogares","decimal",118,0,"3.78323"
"ECV_nbi_pobreza","tot_pob_ipm_hombres","decimal",125,0,"6.21303"
"ECV_nbi_pobreza","urb_pob_ipm_hombres","decimal",122,0,"6.35592"
"ECV_nbi_pobreza","rur_pob_ipm_hombres","decimal",125,0," 5.2737"
"ECV_nbi_pobreza","tot_pob_ipm_mujeres","decimal",125,0,"5.88086"
"ECV_nbi_pobreza","urb_pob_ipm_mujeres","decimal",122,0,"6.06862"
"ECV_nbi_pobreza","rur_pob_ipm_mujeres","decimal",125,0,"4.64779"
"ECV_nbi_pobreza","tot_pob_mon","decimal",125,0,"  24.61"
"ECV_nbi_pobreza","urb_pob_mon","decimal",125,0,"24.2448"
"ECV_nbi_pobreza","rur_pob_mon","decimal",125,0,"27.0093"
"ECV_nbi_pobreza","tot_pob_mon_hombres","decimal",125,0," 24.151"
"ECV_nbi_pobreza","urb_pob_mon_hombres","decimal",125,0,"  23.78"
"ECV_nbi_pobreza","rur_pob_mon_hombres","decimal",125,0,"26.5899"
"ECV_nbi_pobreza","tot_pob_mon_mujeres","decimal",125,0,"25.0163"
"ECV_nbi_pobreza","urb_pob_mon_mujeres","decimal",125,0,"24.6564"
"ECV_nbi_pobreza","rur_pob_mon_mujeres","decimal",125,0,"27.3803"
"ECV_nbi_pobreza","tot_pob_nbi","decimal",125,0,"6.40851"
"ECV_nbi_pobreza","urb_pob_nbi","decimal",125,0,"6.89985"
"ECV_nbi_pobreza","rur_pob_nbi","decimal",125,0,"3.18038"
"ECV_nbi_pobreza","tot_pob_nbi_hogares","decimal",125,0,"6.37803"
"ECV_nbi_pobreza","urb_pob_nbi_hogares","decimal",117,0,"6.71729"
"ECV_nbi_pobreza","rur_pob_nbi_hogares","decimal",119,0,"3.98773"
"ECV_nbi_pobreza","tot_pob_nbi_hombres","decimal",125,0,"6.27578"
"ECV_nbi_pobreza","urb_pob_nbi_hombres","decimal",125,0,"6.80928"
"ECV_nbi_pobreza","rur_pob_nbi_hombres","decimal",125,0,"2.76878"
"ECV_nbi_pobreza","tot_pob_nbi_mujeres","decimal",125,0,"6.52603"
"ECV_nbi_pobreza","urb_pob_nbi_mujeres","decimal",125,0,"6.98005"
"ECV_nbi_pobreza","rur_pob_nbi_mujeres","decimal",125,0,"3.54448"
"ECV_nbi_pobreza","tot_pob_recoleccion_basuras","decimal",125,0,"97.9773"
"ECV_nbi_pobreza","urb_pob_recoleccion_basuras","decimal",94,0,"98.1256"
"ECV_nbi_pobreza","rur_pob_recoleccion_basuras","decimal",112,0,"96.9325"
"ECV_nbi_pobreza","tot_td","decimal",125,0,"8.95271"
"ECV_nbi_pobreza","urb_td","decimal",125,0,"8.77838"
"ECV_nbi_pobreza","rur_td","decimal",118,0,"10.1175"
"ECV_nbi_pobreza","tot_td_15_28","decimal",122,0,"12.7316"
"ECV_nbi_pobreza","urb_td_15_28","decimal",114,0,"12.8028"
"ECV_nbi_pobreza","rur_td_15_28","decimal",97,0,"12.2529"
"ECV_nbi_pobreza","tot_td_hombres","decimal",120,0,"7.78851"
"ECV_nbi_pobreza","urb_td_hombres","decimal",112,0,"7.59081"
"ECV_nbi_pobreza","rur_td_hombres","decimal",90,0,"9.08562"
"ECV_nbi_pobreza","tot_td_mujeres","decimal",123,0," 10.371"
"ECV_nbi_pobreza","urb_td_mujeres","decimal",121,0,"10.2175"
"ECV_nbi_pobreza","rur_td_mujeres","decimal",113,0,"11.4196"
"ECV_nbi_pobreza","tot_tgp_mujeres","decimal",125,0,"39.9177"
"ECV_nbi_pobreza","urb_tgp_mujeres","decimal",125,0,"40.1239"
"ECV_nbi_pobreza","rur_tgp_mujeres","decimal",125,0,"38.5637"
"ECV_nbi_pobreza","tot_to","decimal",125,0,"51.8484"
"ECV_nbi_pobreza","urb_to","decimal",125,0,"51.8729"
"ECV_nbi_pobreza","rur_to","decimal",125,0,"51.6826"
"ECV_nbi_pobreza","tot_to_hombres","decimal",125,0,"62.5465"
"ECV_nbi_pobreza","urb_to_hombres","decimal",125,0,"62.4191"
"ECV_nbi_pobreza","rur_to_hombres","decimal",125,0,"63.4098"
"ECV_nbi_pobreza","tot_to_mujeres","decimal",125,0,"42.6956"
"ECV_nbi_pobreza","urb_to_mujeres","decimal",125,0,"42.8441"
"ECV_nbi_pobreza","rur_to_mujeres","decimal",125,0," 41.695"
"ECV_oficial_agregados","nivel","texto",3,0,"DEPARTAMENTO"
"ECV_oficial_agregados","key","texto",16,0,"ANTIOQUIA"
"ECV_oficial_agregados","terr_label","texto",16,0,"Antioquia"
"ECV_oficial_agregados","rur_emp_informal","decimal",11,37.5,"0.576232"
"ECV_oficial_agregados","rur_gini_hog","decimal",16,6.2,"0.438508"
"ECV_oficial_agregados","rur_gini_lab","decimal",16,6.2,"0.362559"
"ECV_oficial_agregados","rur_nini","decimal",16,0,"0.281195"
"ECV_oficial_agregados","rur_pob_acueducto","decimal",16,0,"0.798239"
"ECV_oficial_agregados","rur_pob_alcantarillado","decimal",16,0,"0.541232"
"ECV_oficial_agregados","rur_pob_energia","decimal",16,0,"0.983608"
"ECV_oficial_agregados","rur_pob_gas_natural","decimal",16,0,"0.296645"
"ECV_oficial_agregados","rur_pob_internet","decimal",16,0,"0.407165"
"ECV_oficial_agregados","rur_pob_ipm","decimal",16,0,"0.177617"
"ECV_oficial_agregados","rur_pob_ipm_hogares","decimal",16,0,"0.153547"
"ECV_oficial_agregados","rur_pob_nbi","decimal",16,0,"0.153621"
"ECV_oficial_agregados","rur_pob_recoleccion_basuras","decimal",16,0,"0.835154"
"ECV_oficial_agregados","rur_td","decimal",11,37.5,"0.064345"
"ECV_oficial_agregados","rur_td_15_28","decimal",11,37.5,"0.084816"
"ECV_oficial_agregados","rur_to","decimal",11,37.5,"0.492264"
"ECV_oficial_agregados","tot_emp_informal","decimal",11,37.5,"0.473997"
"ECV_oficial_agregados","tot_gini_hog","decimal",16,6.2,"0.437434"
"ECV_oficial_agregados","tot_gini_lab","decimal",16,6.2,"0.347928"
"ECV_oficial_agregados","tot_nini","decimal",16,0,"0.245564"
"ECV_oficial_agregados","tot_pob_acueducto","decimal",16,0,"0.935796"
"ECV_oficial_agregados","tot_pob_alcantarillado","decimal",16,0,"0.866894"
"ECV_oficial_agregados","tot_pob_energia","decimal",16,0,"0.992587"
"ECV_oficial_agregados","tot_pob_gas_natural","decimal",16,0,"0.669551"
"ECV_oficial_agregados","tot_pob_internet","decimal",16,0,"0.60124"
"ECV_oficial_agregados","tot_pob_ipm","decimal",16,0,"0.101172"
"ECV_oficial_agregados","tot_pob_ipm_hogares","decimal",16,0,"0.0786242"
"ECV_oficial_agregados","tot_pob_nbi","decimal",16,0,"0.11355"
"ECV_oficial_agregados","tot_pob_recoleccion_basuras","decimal",16,0,"0.944698"
"ECV_oficial_agregados","tot_td","decimal",11,37.5,"0.0740896"
"ECV_oficial_agregados","tot_td_15_28","decimal",11,37.5,"0.105271"
"ECV_oficial_agregados","tot_to","decimal",11,37.5,"0.510432"
"ECV_oficial_agregados","urb_emp_informal","decimal",11,37.5,"0.44519"
"ECV_oficial_agregados","urb_gini_hog","decimal",16,6.2,"0.436235"
"ECV_oficial_agregados","urb_gini_lab","decimal",16,6.2,"0.327307"
"ECV_oficial_agregados","urb_nini","decimal",16,0,"0.234975"
"ECV_oficial_agregados","urb_pob_acueducto","decimal",16,0,"0.975146"
"ECV_oficial_agregados","urb_pob_alcantarillado","decimal",16,0,"0.960052"
"ECV_oficial_agregados","urb_pob_energia","decimal",16,0,"0.995155"
"ECV_oficial_agregados","urb_pob_gas_natural","decimal",16,0,"0.776224"
"ECV_oficial_agregados","urb_pob_internet","decimal",16,0,"0.656756"
"ECV_oficial_agregados","urb_pob_ipm","decimal",16,0,"0.0768115"
"ECV_oficial_agregados","urb_pob_ipm_hogares","decimal",16,0,"0.0572301"
"ECV_oficial_agregados","urb_pob_nbi","decimal",16,0,"0.100781"
"ECV_oficial_agregados","urb_pob_recoleccion_basuras","decimal",16,0,"0.976035"
"ECV_oficial_agregados","urb_td","decimal",11,37.5,"0.0767988"
"ECV_oficial_agregados","urb_td_15_28","decimal",11,37.5,"0.111099"
"ECV_oficial_agregados","urb_to","decimal",11,37.5,"0.515796"
"ECV_raw","Municipio","decimal",125,0,"   5001"
"ECV_raw","NomMunicipio","texto",125,0,"Medellín"
"ECV_raw","Indicador","texto",794,0,"SPAL"
"ECV_raw","NomIndicador","texto",791,0,"Porcentaje de viviendas c..."
"ECV_raw","Valor_tot","decimal",74503,1.7,"97.9849"
"ECV_raw","SE_tot","decimal",72454,1.7,"0.155248"
"ECV_raw","IC25_tot","decimal",56515,1.7,"97.6806"
"ECV_raw","IC975_tot","decimal",75082,1.7,"98.2892"
"ECV_raw","CV_tot","decimal",72266,19.5,"0.15844"
"ECV_raw","Clase_tot","texto",1,0,"Total"
"ECV_raw","Valor_urb","decimal",56894,2.6,"99.0921"
"ECV_raw","SE_urb","decimal",61007,2.6,"0.114786"
"ECV_raw","IC25_urb","decimal",46206,2.6,"98.8671"
"ECV_raw","IC975_urb","decimal",64149,2.6,"99.3171"
"ECV_raw","CV_urb","decimal",61866,25.7,"0.115838"
"ECV_raw","Clase_urb","texto",2,0,"Urbano"
"ECV_raw","Valor_rur","decimal",52171,3.5," 90.184"
"ECV_raw","SE_rur","decimal",55856,3.5,"0.951883"
"ECV_raw","IC25_rur","decimal",41135,3.5,"88.3184"
"ECV_raw","IC975_rur","decimal",58878,3.5,"92.0497"
"ECV_raw","CV_rur","decimal",56258,29.8,"1.05549"
"ECV_raw","Clase_rur","texto",1,0,"Rural"
"ECV_raw","Tipo","texto",3,0,"Viviendas"
"ECV_raw","GrupoPoblacional","texto",3,0,"General"
"ECV_raw","Y","decimal",1,100,"     NA"
"ECV_raw","Z","texto",124,0,"05001"
"estructura_productiva","ind_mpio","texto",135,0,"05"
"estructura_productiva","creacion_emp","decimal",95,0.7,"  23537"
"estructura_productiva","dens_emp","decimal",135,0,"33.4093"
"estructura_productiva","fin_banc_pc","decimal",126,7.4,"6.75606"
"estructura_productiva","fin_microcr_pc","decimal",116,7.4,"3.31638"
"estructura_productiva","tnat_emp","decimal",126,7.4," 17.645"
"estructura_productiva","va_pc","decimal",126,7.4,"21625.3"
"estructura_productiva","va_primario","decimal",126,7.4,"0.195439"
"imca_2022","ind_mpio","texto",134,0,"05001"
"imca_2022","imca_adop_tic","decimal",134,0,"50.4179"
"imca_2022","imca_capacidades","decimal",134,0,"56.8596"
"imca_2022","imca_dinam_neg","decimal",134,0,"86.1516"
"imca_2022","imca_infraestructura","decimal",134,0,"99.2887"
"imca_2022","imca_innovacion","decimal",16,0,"20.3998"
"imca_2022","imca_instituciones","decimal",134,0,"71.0171"
"imca_2022","imca_merc_bienes","decimal",134,0,"72.8602"
"imca_2022","imca_merc_laboral","decimal",134,0," 52.872"
"imca_2022","imca_salud","decimal",134,0,"57.2265"
"imca_2022","imca_sist_financiero","decimal",134,0,"51.8916"
"imca_2022","imca_tam_mercado","decimal",134,0,"84.5544"
"imca_2022","imca_total","decimal",134,0,"63.9581"
"imca_2022","Año","decimal",1,0,"   2022"
"infraestructura_internet_2025","anno","decimal",1,0,"   2025"
"infraestructura_internet_2025","trimestre","decimal",4,0,"      1"
"infraestructura_internet_2025","id_empresa","decimal",286,0,"8.00137e+08"
"infraestructura_internet_2025","empresa","texto",286,0,"CENTURYLINK COLOMBIA S.A."
"infraestructura_internet_2025","ind_mpio","decimal",125,0,"   5093"
"infraestructura_internet_2025","municipio","texto",125,0,"BETULIA"
"infraestructura_internet_2025","id_departamento","decimal",1,0,"      5"
"infraestructura_internet_2025","departamento","texto",1,0,"ANTIOQUIA"
"infraestructura_internet_2025","id_segmento","decimal",10,0,"    107"
"infraestructura_internet_2025","segmento","texto",10,0,"Corporativo"
"infraestructura_internet_2025","id_servicio_paquete","decimal",7,0,"      1"
"infraestructura_internet_2025","servicio_paquete","texto",7,0,"Internet fijo"
"infraestructura_internet_2025","velocidad_efectiva_downstream","texto",490,0,"200"
"infraestructura_internet_2025","velocidad_efectiva_upstream","texto",589,0,"200"
"infraestructura_internet_2025","id_tecnologia","decimal",15,0,"    107"
"infraestructura_internet_2025","tecnologia","texto",15,0,"Otras tecnologías de fibr..."
"infraestructura_internet_2025","id_estado","decimal",2,0,"      1"
"infraestructura_internet_2025","estado","texto",2,0,"Activo en funcionamiento"
"infraestructura_internet_2025","cantidad_lineas_accesos","decimal",2017,0,"      1"
"infraestructura_internet_2025","valor_facturado_o_cobrado","decimal",76906,0,"1.20535e+07"
"infraestructura_internet_2025","otros_valores_facturados","decimal",40497,0,"      0"
"infraestructura_internet_2025","valor_total_plan_tarifario","decimal",1,0,"      0"
"infraestructura_internet_2025","period","decimal",4,0,"    260"
"percepcion_seguridad","ESTUDIO","texto",8,0,"079518000010"
"percepcion_seguridad","FECHAINI","texto",256,0,"29/10/2018"
"percepcion_seguridad","B_SUBREGION","decimal",9,0,"      9"
"percepcion_seguridad","P1A","decimal",4,0,"      2"
"percepcion_seguridad","P2","decimal",4,0,"      3"
"percepcion_seguridad","P4A","decimal",4,0,"      2"
"percepcion_seguridad","P6","decimal",4,0,"      3"
"percepcion_seguridad","FACTOR_PONDERACION","decimal",2972,0,"4.70912"
"poblacion_municipal_total_2025","ind_mpio","decimal",1123,0,"   5001"
"poblacion_municipal_total_2025","nvl_label","texto",1040,0,"Medellín"
"poblacion_municipal_total_2025","P_T","decimal",2,0.1,"    100"
"poblacion_municipal_total_2025","P_H","decimal",1122,0.1,"47.2697"
"poblacion_municipal_total_2025","P_M","decimal",1122,0.1,"52.7303"
"poblacion_municipal_total_2025","P_inf_T_0_11","decimal",1123,0.1,"13.1976"
"poblacion_municipal_total_2025","P_j_T_12_28","decimal",1121,0.1,"25.1281"
"poblacion_municipal_total_2025","P_ad_T_29_59","decimal",1123,0.1,"43.5166"
"poblacion_municipal_total_2025","P_v_T_60_85","decimal",1123,0.1,"18.1577"
"poblacion_municipal_total_2025","P_inf_H_0_11","decimal",1122,0.1,"6.73734"
"poblacion_municipal_total_2025","P_j_H_12_28","decimal",1121,0.1,"12.6658"
"poblacion_municipal_total_2025","P_ad_H_29_59","decimal",1123,0.1," 20.647"
"poblacion_municipal_total_2025","P_v_H_60_85","decimal",1123,0.1,"7.21963"
"poblacion_municipal_total_2025","P_inf_M_0_11","decimal",1123,0.1,"6.46024"
"poblacion_municipal_total_2025","P_j_M_12_28","decimal",1120,0.1,"12.4624"
"poblacion_municipal_total_2025","P_ad_M_29_59","decimal",1122,0.1,"22.8697"
"poblacion_municipal_total_2025","P_v_M_60_85","decimal",1123,0.1," 10.938"
"poblacion_municipal_total_2025","IDE_T","decimal",1123,0.1,"54.2868"
"poblacion_municipal_total_2025","IDE_H","decimal",1122,0.1,"50.7293"
"poblacion_municipal_total_2025","IDE_M","decimal",1120,0.1,"57.6218"
"poblacion_municipal_total_2025","I_enve_T","decimal",1123,0.1,"36.1417"
"poblacion_municipal_total_2025","I_enve_H","decimal",1120,0.1,"30.8864"
"poblacion_municipal_total_2025","I_enve_M","decimal",1122,0.1," 40.479"
"poblacion_municipal_total_2025","P_T_r","decimal",2,0.1,"    100"
"poblacion_municipal_total_2025","P_H_r","decimal",1121,0.1,"50.7871"
"poblacion_municipal_total_2025","P_M_r","decimal",1121,0.1,"49.2129"
"poblacion_municipal_total_2025","P_inf_T_0_11_r","decimal",1121,0.1,"15.1644"
"poblacion_municipal_total_2025","P_j_T_12_28_r","decimal",1122,0.1,"24.5479"
"poblacion_municipal_total_2025","P_ad_T_29_59_r","decimal",1122,0.1,"44.0506"
"poblacion_municipal_total_2025","P_v_T_60_85_r","decimal",1122,0.1,"16.2372"
"poblacion_municipal_total_2025","P_inf_H_0_11_r","decimal",1121,0.1,"7.70243"
"poblacion_municipal_total_2025","P_j_H_12_28_r","decimal",1123,0.1,"12.6901"
"poblacion_municipal_total_2025","P_ad_H_29_59_r","decimal",1121,0.1,"22.3777"
"poblacion_municipal_total_2025","P_v_H_60_85_r","decimal",1122,0.1,"8.01685"
"poblacion_municipal_total_2025","P_inf_M_0_11_r","decimal",1121,0.1,"7.46198"
"poblacion_municipal_total_2025","P_j_M_12_28_r","decimal",1119,0.1,"11.8578"
"poblacion_municipal_total_2025","P_ad_M_29_59_r","decimal",1123,0.1,"21.6728"
"poblacion_municipal_total_2025","P_v_M_60_85_r","decimal",1123,0.1," 8.2203"
"poblacion_municipal_total_2025","IDE_T_r","decimal",1123,0.1,"55.1807"
"poblacion_municipal_total_2025","IDE_H_r","decimal",1120,0.1,"54.5432"
"poblacion_municipal_total_2025","IDE_M_r","decimal",1121,0.1,"55.8441"
"poblacion_municipal_total_2025","I_enve_T_r","decimal",1122,0.1,"30.6883"
"poblacion_municipal_total_2025","I_enve_H_r","decimal",1118,0.1," 29.523"
"poblacion_municipal_total_2025","I_enve_M_r","decimal",1119,0.1,"31.8727"
"poblacion_municipal_total_2025","P_T_c","decimal",2,1.7,"    100"
"poblacion_municipal_total_2025","P_H_c","decimal",1101,1.7,"47.2007"
"poblacion_municipal_total_2025","P_M_c","decimal",1101,1.7,"52.7993"
"poblacion_municipal_total_2025","P_inf_T_0_11_c","decimal",1099,1.7," 13.159"
"poblacion_municipal_total_2025","P_j_T_12_28_c","decimal",1102,1.7,"25.1395"
"poblacion_municipal_total_2025","P_ad_T_29_59_c","decimal",1102,1.7,"43.5062"
"poblacion_municipal_total_2025","P_v_T_60_85_c","decimal",1105,1.7,"18.1954"
"poblacion_municipal_total_2025","P_inf_H_0_11_c","decimal",1102,1.7," 6.7184"
"poblacion_municipal_total_2025","P_j_H_12_28_c","decimal",1102,1.7,"12.6653"
"poblacion_municipal_total_2025","P_ad_H_29_59_c","decimal",1101,1.7," 20.613"
"poblacion_municipal_total_2025","P_v_H_60_85_c","decimal",1100,1.7,"7.20399"
"poblacion_municipal_total_2025","P_inf_M_0_11_c","decimal",1099,1.7,"6.44058"
"poblacion_municipal_total_2025","P_j_M_12_28_c","decimal",1099,1.7,"12.4742"
"poblacion_municipal_total_2025","P_ad_M_29_59_c","decimal",1102,1.7,"22.8932"
"poblacion_municipal_total_2025","P_v_M_60_85_c","decimal",1104,1.7,"10.9914"
"poblacion_municipal_total_2025","IDE_T_c","decimal",1102,1.7,"54.2694"
"poblacion_municipal_total_2025","IDE_H_c","decimal",1098,1.7,"50.6508"
"poblacion_municipal_total_2025","IDE_M_c","decimal",1099,1.7,"57.6547"
"poblacion_municipal_total_2025","I_enve_c_T","decimal",1103,1.7,"36.2499"
"poblacion_municipal_total_2025","I_enve_H_c","decimal",1095,1.7,"30.9166"
"poblacion_municipal_total_2025","I_enve_M_c","decimal",1095,1.7,"40.6332"
"poblacion_municipal_total_2025","PR_T","decimal",1106,0.1,"1.92458"
"poblacion_municipal_total_2025","PR_H","decimal",1105,0.1,"2.06779"
"poblacion_municipal_total_2025","PR_M","decimal",1106,0.1," 1.7962"
"poblacion_municipal_total_2025","PR_inf_T_0_11","decimal",1105,0.1," 2.2114"
"poblacion_municipal_total_2025","PR_j_T_12_28","decimal",1106,0.1,"1.88014"
"poblacion_municipal_total_2025","PR_ad_T_29_59","decimal",1105,0.1,"1.94819"
"poblacion_municipal_total_2025","PR_v_T_60_85","decimal",1104,0.1,"1.72102"
"poblacion_municipal_total_2025","PR_inf_H_0_11","decimal",1102,0.1,"2.20027"
"poblacion_municipal_total_2025","PR_j_H_12_28","decimal",1105,0.1,"1.92828"
"poblacion_municipal_total_2025","PR_ad_H_29_59","decimal",1104,0.1,"2.08591"
"poblacion_municipal_total_2025","PR_v_H_60_85","decimal",1102,0.1," 2.1371"
"poblacion_municipal_total_2025","PR_inf_M_0_11","decimal",1100,0.1,"2.22301"
"poblacion_municipal_total_2025","PR_j_M_12_28","decimal",1103,0.1,"1.83122"
"poblacion_municipal_total_2025","PR_ad_M_29_59","decimal",1100,0.1,"1.82386"
"poblacion_municipal_total_2025","PR_v_M_60_85","decimal",1101,0.1,"1.44639"
"poblacion_municipal_total_2025","PU_T","decimal",1106,0.1,"98.0754"
"poblacion_municipal_total_2025","PU_H","decimal",1105,0.1,"97.9322"
"poblacion_municipal_total_2025","PU_M","decimal",1106,0.1,"98.2038"
"poblacion_municipal_total_2025","PU_inf_T_0_11","decimal",1105,0.1,"97.7886"
"poblacion_municipal_total_2025","PU_j_T_12_28","decimal",1106,0.1,"98.1199"
"poblacion_municipal_total_2025","PU_ad_T_29_59","decimal",1105,0.1,"98.0518"
"poblacion_municipal_total_2025","PU_v_T_60_85","decimal",1104,0.1," 98.279"
"poblacion_municipal_total_2025","PU_inf_H_0_11","decimal",1102,0.1,"97.7997"
"poblacion_municipal_total_2025","PU_j_H_12_28","decimal",1105,0.1,"98.0717"
"poblacion_municipal_total_2025","PU_ad_H_29_59","decimal",1104,0.1,"97.9141"
"poblacion_municipal_total_2025","PU_v_H_60_85","decimal",1102,0.1,"97.8629"
"poblacion_municipal_total_2025","PU_inf_M_0_11","decimal",1100,0.1," 97.777"
"poblacion_municipal_total_2025","PU_j_M_12_28","decimal",1103,0.1,"98.1688"
"poblacion_municipal_total_2025","PU_ad_M_29_59","decimal",1100,0.1,"98.1761"
"poblacion_municipal_total_2025","PU_v_M_60_85","decimal",1101,0.1,"98.5536"
"poblacion_total_2025","cod_dpto","texto",1,0,"05"
"poblacion_total_2025","departamento","texto",1,0,"Antioquia"
"poblacion_total_2025","ind_mpio","decimal",125,0,"   5001"
"poblacion_total_2025","nvl_label","texto",125,0,"Medellín"
"poblacion_total_2025","año","decimal",1,0,"   2025"
"poblacion_total_2025","area_geo","texto",3,0,"Cabecera Municipal"
"poblacion_total_2025","Total","decimal",374,0,"2.47968e+06"
"poblacion_total_2025","Hombres","decimal",369,0,"1.17043e+06"
"poblacion_total_2025","Mujeres","decimal",369,0,"1.30926e+06"
"seguridad_policia","ind_mpio","decimal",125,0,"   5001"
"seguridad_policia","delito","texto",4,0,"homicidios"
"seguridad_policia","anio","entero",2,0,"   2025"
"seguridad_policia","cod_mpio","texto",125,0,"05001"
"seguridad_policia","nvl_label","texto",125,0,"Medellín"
"seguridad_policia","total_historico","decimal",254,0,"   1783"
"seguridad_policia","total_2025","decimal",111,50,"    333"
"seguridad_policia","arma_fuego_2025","decimal",45,50,"    155"
"seguridad_policia","arma_blanca_2025","decimal",31,50,"    127"
"seguridad_policia","contundente_2025","decimal",44,50,"     51"
"seguridad_policia","dron_explosivo_2025","decimal",2,87.5,"      0"
"seguridad_policia","otros_2025","decimal",16,50,"      0"
"seguridad_policia","sin_armas_2025","decimal",90,62.5,"   8081"
"seguridad_policia","total_2023","decimal",110,50,"    359"
"seguridad_policia","arma_fuego_2023","decimal",49,50,"    152"
"seguridad_policia","arma_blanca_2023","decimal",33,50,"    154"
"seguridad_policia","contundente_2023","decimal",43,50,"     53"
"seguridad_policia","dron_explosivo_2023","decimal",2,87.5,"      0"
"seguridad_policia","otros_2023","decimal",20,50,"      0"
"seguridad_policia","sin_armas_2023","decimal",90,62.5,"   7955"
"subreg_completo","ind_mpio","entero",125,0,"   5001"
"subreg_completo","subregion_full","texto",9,0,"VALLE DE ABURRA"
"uso_del_suelo_pota","codmpio","texto",88,0,"05002"
"uso_del_suelo_pota","municipio","texto",88,0,"abejorral"
"uso_del_suelo_pota","grupo","texto",8,0,"GRUPO 3"
"uso_del_suelo_pota","n_predios_rural","entero",86,0,"   6996"
"uso_del_suelo_pota","pct_uso_adecuado_rural","decimal",88,0,"26.3032"
"uso_del_suelo_pota","pct_sobreutilizacion_rural","decimal",88,0,"68.1716"
"uso_del_suelo_pota","pct_subutilizacion_rural","decimal",88,0,"5.02341"
"uso_del_suelo_pota","pct_sin_conflicto_rural","decimal",88,0,"0.501865"
"uso_del_suelo_pota","chk_pct_sum","decimal",37,0,"    100"
"uso_del_suelo_pota","n_predios_uso_adec_lt60","entero",88,0,"   6160"
"uso_del_suelo_pota","n_predios_uso_adec_60_80","entero",76,0,"    300"
"uso_del_suelo_pota","n_predios_uso_adec_gt80","entero",83,0,"    536"
"uso_del_suelo_pota","n_predios_uso_adec_100","entero",82,0,"    173"
"uso_del_suelo_pota","tiene_urbano","decimal",1,0,"      1"
"uso_del_suelo_pota","n_predios_urbano","entero",67,0,"   3045"
"uso_del_suelo_pota","n_predios_favorables_proteccion","entero",39,0,"    252"
"uso_del_suelo_pota","n_predios_no_favorables","entero",80,0,"   2793"
