OBJECTID;Codigo Municipio;Nombre Municipio;Nombre Departamento;Valor Riesgo CC;Riesgo CC;Vulnerabilidad Vs Amenaza;Area Ha;Simbologia;st_area(shape);st_length(shape)
1;5154;CAUCASIA;ANTIOQUIA;0.167918;Bajo;7;136744.713545;Bajo2;0.112088;2.605355
2;5172;CHIGORODÓ;ANTIOQUIA;0.214906;Medio;14;72276.463863;Medio4;0.059112;1.562285
3;5190;CISNEROS;ANTIOQUIA;0.239445;Medio;15;4646.016586;Medio5;0.003797;0.368072
4;5197;COCORNÁ;ANTIOQUIA;0.214695;Medio;14;22418.710923;Medio4;0.018305;0.986678
5;5266;ENVIGADO;ANTIOQUIA;0.232118;Medio;15;4694.303400;Medio5;0.003833;0.264343
6;5206;CONCEPCIÓN;ANTIOQUIA;0.156791;Muy bajo;5;17878.070836;Muy bajo5;0.014607;0.655448
7;5209;CONCORDIA;ANTIOQUIA;0.204276;Medio;13;24006.058415;Medio3;0.019589;0.713854
8;5212;COPACABANA;ANTIOQUIA;0.224281;Medio;15;6861.362073;Medio5;0.005604;0.440444
9;5234;DABEIBA;ANTIOQUIA;0.175750;Bajo;9;202209.663660;Bajo4;0.165223;2.423826
10;5237;DON MATÍAS;ANTIOQUIA;0.189073;Medio;11;20193.383787;Medio1;0.016500;0.926072
11;5658;SAN JOSÉ DE LA MONTAÑA;ANTIOQUIA;0.165193;Bajo;7;12591.241283;Bajo2;0.010292;0.474996
12;5240;EBÉJICO;ANTIOQUIA;0.174640;Bajo;9;23814.242749;Bajo4;0.019445;0.734568
13;5250;EL BAGRE;ANTIOQUIA;0.164468;Bajo;6;155415.861769;Bajo1;0.127368;2.286381
14;5264;ENTRERRIOS;ANTIOQUIA;0.180046;Bajo;10;21631.619708;Bajo5;0.017676;0.779950
15;5690;SANTO DOMINGO;ANTIOQUIA;0.186396;Medio;11;26482.784536;Medio1;0.021642;1.041844
16;5282;FREDONIA;ANTIOQUIA;0.206384;Medio;13;24990.048599;Medio3;0.020391;0.834418
17;5284;FRONTINO;ANTIOQUIA;0.196103;Medio;12;134906.473081;Medio2;0.110159;2.084026
18;5306;GIRALDO;ANTIOQUIA;0.161800;Bajo;6;12569.406238;Bajo1;0.010268;0.552259
19;5036;ANGELÓPOLIS;ANTIOQUIA;0.197467;Medio;12;8171.224178;Medio2;0.006670;0.421099
20;5038;ANGOSTURA;ANTIOQUIA;0.153414;Muy bajo;5;33331.824099;Muy bajo5;0.027256;0.937111
21;5001;MEDELLÍN;ANTIOQUIA;0.214702;Medio;14;37289.755203;Medio4;0.030450;0.918682
22;5002;ABEJORRAL;ANTIOQUIA;0.176424;Bajo;10;51059.394846;Bajo5;0.041666;1.101427
23;5004;ABRIAQUÍ;ANTIOQUIA;0.177053;Bajo;10;29284.881503;Bajo5;0.023918;0.789946
24;5040;ANORÍ;ANTIOQUIA;0.147910;Muy bajo;3;141153.768614;Muy bajo3;0.115523;1.852066
25;5042;SANTA FE DE ANTIOQUIA;ANTIOQUIA;0.203298;Medio;13;49765.442394;Medio3;0.040646;1.075337
26;8137;CAMPO DE LA CRUZ;ATLÁNTICO;0.255316;Alto;17;9944.988906;Alto2;0.008209;0.639124
27;5021;ALEJANDRÍA;ANTIOQUIA;0.186186;Medio;11;13258.468234;Medio1;0.010833;0.721681
28;5030;AMAGÁ;ANTIOQUIA;0.203155;Medio;13;8287.012589;Medio3;0.006763;0.418358
29;5031;AMALFI;ANTIOQUIA;0.165642;Bajo;7;120822.654660;Bajo2;0.098846;1.868040
30;5034;ANDES;ANTIOQUIA;0.178236;Bajo;10;40870.288288;Bajo5;0.033325;1.061342
31;5129;CALDAS;ANTIOQUIA;0.186772;Medio;11;13350.071546;Medio1;0.010897;0.504289
32;5044;ANZÁ;ANTIOQUIA;0.186486;Medio;11;25728.064311;Medio1;0.021004;0.711574
33;5045;APARTADÓ;ANTIOQUIA;0.164441;Bajo;6;53576.532331;Bajo1;0.043849;1.274194
34;5051;ARBOLETES;ANTIOQUIA;0.114292;Muy bajo;1;76763.526959;Muy bajo1;0.062952;1.621885
35;5055;ARGELIA;ANTIOQUIA;0.181186;Medio;11;24586.736749;Medio1;0.020065;1.032672
36;5059;ARMENIA;ANTIOQUIA;0.226732;Medio;15;11063.961545;Medio5;0.009031;0.492232
37;5321;GUATAPÉ;ANTIOQUIA;0.196460;Medio;12;8450.755897;Medio2;0.006903;0.476064
38;5079;BARBOSA;ANTIOQUIA;0.209124;Medio;14;20613.390577;Medio4;0.016842;0.717361
39;5086;BELMIRA;ANTIOQUIA;0.165482;Bajo;7;29809.236494;Bajo2;0.024359;1.129228
40;5088;BELLO;ANTIOQUIA;0.167204;Bajo;7;14812.716231;Bajo2;0.012098;0.578583
41;5353;HISPANIA;ANTIOQUIA;0.209621;Medio;14;5597.931331;Medio4;0.004566;0.323960
42;5091;BETANIA;ANTIOQUIA;0.167788;Bajo;7;17177.148505;Bajo2;0.014008;0.647272
43;5093;BETULIA;ANTIOQUIA;0.159074;Muy bajo;5;27690.465970;Muy bajo5;0.022600;0.801433
44;5101;CIUDAD BOLÍVAR;ANTIOQUIA;0.172454;Bajo;8;25981.311492;Bajo3;0.021191;0.702755
45;5107;BRICEÑO;ANTIOQUIA;0.180276;Medio;11;37903.347855;Medio1;0.031005;0.985032
46;5113;BURITICÁ;ANTIOQUIA;0.149239;Muy bajo;3;36072.843084;Muy bajo3;0.029478;0.957153
47;5120;CÁCERES;ANTIOQUIA;0.128844;Muy bajo;2;191911.545274;Muy bajo2;0.157219;2.590095
48;5125;CAICEDO;ANTIOQUIA;0.184969;Medio;11;19413.533199;Medio1;0.015851;0.635952
49;5134;CAMPAMENTO;ANTIOQUIA;0.160775;Bajo;6;20198.005314;Bajo1;0.016523;0.847191
50;5360;ITAGÜÍ;ANTIOQUIA;0.252953;Alto;17;2063.292354;Alto2;0.001685;0.211809
51;5138;CAÑASGORDAS;ANTIOQUIA;0.160509;Bajo;6;36113.077927;Bajo1;0.029508;1.026375
52;5142;CARACOLÍ;ANTIOQUIA;0.198842;Medio;13;26358.469143;Medio3;0.021539;0.979539
53;5145;CARAMANTA;ANTIOQUIA;0.261893;Alto;17;9052.181736;Alto2;0.007382;0.477323
54;5147;CAREPA;ANTIOQUIA;0.192290;Medio;12;38593.912080;Medio2;0.031575;1.282008
55;5148;CARMEN DE VIBORAL;ANTIOQUIA;0.163286;Bajo;6;43952.659631;Bajo1;0.035882;1.317109
56;5150;CAROLINA;ANTIOQUIA;0.162437;Bajo;6;17932.965455;Bajo1;0.014661;0.641058
57;5308;GIRARDOTA;ANTIOQUIA;0.190670;Medio;12;8216.154299;Medio2;0.006712;0.367462
58;5310;GÓMEZ PLATA;ANTIOQUIA;0.204850;Medio;13;33059.959829;Medio3;0.027028;0.879444
59;5313;GRANADA;ANTIOQUIA;0.165239;Bajo;7;18954.735361;Bajo2;0.015480;0.736031
60;5315;GUADALUPE;ANTIOQUIA;0.160548;Bajo;6;12059.908485;Bajo1;0.009863;0.497734
61;5380;LA ESTRELLA;ANTIOQUIA;0.188789;Medio;11;3465.808874;Medio1;0.002829;0.268806
62;5318;GUARNE;ANTIOQUIA;0.170984;Bajo;8;16451.831394;Bajo3;0.013436;0.646681
63;5347;HELICONIA;ANTIOQUIA;0.185945;Medio;11;11509.861154;Medio1;0.009397;0.508764
64;5361;ITUANGO;ANTIOQUIA;0.188380;Medio;11;226975.619046;Medio1;0.185649;2.653625
65;15380;LA CAPILLA;BOYACÁ;0.243731;Alto;16;5776.698074;Alto1;0.004711;0.284451
66;5364;JARDÍN;ANTIOQUIA;0.205829;Medio;13;20032.637167;Medio3;0.016335;0.713686
67;13760;SOPLAVIENTO;BOLÍVAR;0.220990;Medio;14;9275.849010;Medio4;0.007654;0.499879
68;5368;JERICÓ;ANTIOQUIA;0.202081;Medio;13;20353.296343;Medio3;0.016603;0.698690
69;5390;LA PINTADA;ANTIOQUIA;0.324996;Alto;19;5441.801468;Alto4;0.004440;0.436405
70;5376;LA CEJA;ANTIOQUIA;0.198283;Medio;12;13514.282004;Medio2;0.011032;0.645082
71;5400;LA UNIÓN;ANTIOQUIA;0.189033;Medio;11;17233.321152;Medio1;0.014067;0.690919
72;5411;LIBORINA;ANTIOQUIA;0.161998;Bajo;6;21634.683447;Bajo1;0.017679;0.659084
73;5425;MACEO;ANTIOQUIA;0.217597;Medio;14;38672.963528;Medio4;0.031614;1.283822
74;5440;MARINILLA;ANTIOQUIA;0.232110;Medio;15;11529.757242;Medio5;0.009416;0.569611
75;70221;COVEÑAS;SUCRE;0.131414;Muy bajo;2;5186.092225;Muy bajo2;0.004266;0.400652
76;5467;MONTEBELLO;ANTIOQUIA;0.224767;Medio;15;7536.901899;Medio5;0.006151;0.418492
77;5475;MURINDÓ;ANTIOQUIA;0.209105;Medio;14;124532.339829;Medio4;0.101660;1.780934
78;5480;MUTATÁ;ANTIOQUIA;0.204751;Medio;13;119935.966190;Medio3;0.098048;1.750044
79;5483;NARIÑO;ANTIOQUIA;0.161788;Bajo;6;31494.032292;Bajo1;0.025695;0.975316
80;5490;NECOCLÍ;ANTIOQUIA;0.246701;Alto;16;126821.332829;Alto1;0.103932;2.162774
81;5495;NECHÍ;ANTIOQUIA;0.239558;Medio;15;94325.886753;Medio5;0.077351;2.030927
82;70230;CHALÁN;SUCRE;0.158255;Muy bajo;5;8424.185137;Muy bajo5;0.006935;0.508803
83;5501;OLAYA;ANTIOQUIA;0.173130;Bajo;9;8532.312068;Bajo4;0.006971;0.450166
84;5576;PUEBLORRICO;ANTIOQUIA;0.192028;Medio;12;7542.349529;Medio2;0.006152;0.524927
85;5579;PUERTO BERRÍO;ANTIOQUIA;0.282279;Alto;18;121991.332468;Alto3;0.099721;1.858915
86;5541;PEÑOL;ANTIOQUIA;0.211427;Medio;14;14212.826618;Medio4;0.011609;0.630415
87;5543;PEQUE;ANTIOQUIA;0.174783;Bajo;9;43616.780835;Bajo4;0.035662;1.100608
88;5585;PUERTO NARE;ANTIOQUIA;0.271712;Alto;18;57688.243221;Alto3;0.047124;1.303760
89;5591;PUERTO TRIUNFO;ANTIOQUIA;0.250657;Alto;17;37168.829153;Alto2;0.030354;0.972006
90;5604;REMEDIOS;ANTIOQUIA;0.183101;Medio;11;199471.890430;Medio1;0.163222;2.886632
91;73124;CAJAMARCA;TOLIMA;0.175004;Bajo;9;50920.439527;Bajo4;0.041462;1.024441
92;5607;RETIRO;ANTIOQUIA;0.251273;Alto;17;26603.035138;Alto2;0.021718;0.717648
93;5615;RIONEGRO;ANTIOQUIA;0.305788;Alto;19;19814.982945;Alto4;0.016180;0.745518
94;5628;SABANALARGA;ANTIOQUIA;0.204425;Medio;13;26351.337984;Medio3;0.021541;0.824064
95;5631;SABANETA;ANTIOQUIA;0.305827;Alto;19;1539.172012;Alto4;0.001257;0.151676
96;5649;SAN CARLOS;ANTIOQUIA;0.224261;Medio;15;71934.063064;Medio5;0.058761;1.366235
97;5652;SAN FRANCISCO;ANTIOQUIA;0.181184;Medio;11;35758.942619;Medio1;0.029193;1.144525
98;5642;SALGAR;ANTIOQUIA;0.203567;Medio;13;29139.658883;Medio3;0.023773;0.835613
99;5647;SAN ANDRÉS;ANTIOQUIA;0.205618;Medio;13;21923.158617;Medio3;0.017924;0.831101
100;5656;SAN JERÓNIMO;ANTIOQUIA;0.253468;Alto;17;16485.023915;Alto2;0.013465;0.568308
101;5659;SAN JUAN DE URABÁ;ANTIOQUIA;0.263021;Alto;17;25235.181645;Alto2;0.020697;0.790946
102;5660;SAN LUIS;ANTIOQUIA;0.163280;Bajo;6;51487.141632;Bajo1;0.042045;1.167370
103;5664;SAN PEDRO;ANTIOQUIA;0.247896;Alto;16;21970.854038;Alto1;0.017948;0.780997
104;5665;SAN PEDRO DE URABÁ;ANTIOQUIA;0.174283;Bajo;9;59234.876613;Bajo4;0.048554;1.488666
105;5667;SAN RAFAEL;ANTIOQUIA;0.178396;Bajo;10;36034.568691;Bajo5;0.029441;1.017516
106;5670;SAN ROQUE;ANTIOQUIA;0.202870;Medio;13;42610.809739;Medio3;0.034824;1.165859
107;5674;SAN VICENTE;ANTIOQUIA;0.194690;Medio;12;21792.751144;Medio2;0.017801;0.704197
108;5679;SANTA BÁRBARA;ANTIOQUIA;0.210253;Medio;14;20982.364296;Medio4;0.017122;0.831691
109;5686;SANTA ROSA DE OSOS;ANTIOQUIA;0.230270;Medio;15;84847.810577;Medio5;0.069350;1.810511
110;5697;SANTUARIO;ANTIOQUIA;0.231599;Medio;15;7721.181770;Medio5;0.006305;0.476626
111;5736;SEGOVIA;ANTIOQUIA;0.228445;Medio;15;111870.813661;Medio5;0.091594;1.858492
112;5756;SONSÓN;ANTIOQUIA;0.261174;Alto;17;134588.736191;Alto2;0.109846;3.160684
113;5761;SOPETRÁN;ANTIOQUIA;0.171846;Bajo;8;21533.925490;Bajo3;0.017590;0.783826
114;5789;TÁMESIS;ANTIOQUIA;0.236898;Medio;15;25469.915245;Medio5;0.020774;0.751618
115;5790;TARAZÁ;ANTIOQUIA;0.188159;Medio;11;171785.376190;Medio1;0.140645;2.782170
116;5809;TITIRIBÍ;ANTIOQUIA;0.199695;Medio;13;14125.720421;Medio3;0.011528;0.481805
117;8685;SANTO TOMÁS;ATLÁNTICO;0.297011;Alto;19;6592.120365;Alto4;0.005448;0.416365
118;5819;TOLEDO;ANTIOQUIA;0.263955;Alto;17;12164.378835;Alto2;0.009947;0.475002
119;5837;TURBO;ANTIOQUIA;0.169477;Bajo;8;294499.709138;Bajo3;0.241028;6.237821
120;5842;URAMITA;ANTIOQUIA;0.211807;Medio;14;26695.427347;Medio4;0.021814;0.877495
121;5847;URRAO;ANTIOQUIA;0.166513;Bajo;7;255547.118250;Bajo2;0.208549;2.780371
122;5854;VALDIVIA;ANTIOQUIA;0.196829;Medio;12;56684.683383;Medio2;0.046389;1.438022
123;8758;SOLEDAD;ATLÁNTICO;0.284663;Alto;18;5922.174669;Alto3;0.004897;0.395126
124;5856;VALPARAISO;ANTIOQUIA;0.247644;Alto;16;12646.711371;Alto1;0.010316;0.564162
125;5858;VEGACHÍ;ANTIOQUIA;0.168500;Bajo;7;52615.896494;Bajo2;0.043037;1.539642
126;5792;TARSO;ANTIOQUIA;0.227208;Medio;15;11978.164512;Medio5;0.009772;0.448003
127;5873;VIGIA DEL FUERTE;ANTIOQUIA;0.191469;Medio;12;166352.034064;Medio2;0.135703;2.925589
128;5885;YALÍ;ANTIOQUIA;0.175843;Bajo;9;44365.750827;Bajo4;0.036280;1.327506
129;5861;VENECIA;ANTIOQUIA;0.219758;Medio;14;14096.733377;Medio4;0.011503;0.563980
130;5887;YARUMAL;ANTIOQUIA;0.187334;Medio;11;72618.806145;Medio1;0.059392;1.705173
131;5890;YOLOMBÓ;ANTIOQUIA;0.192298;Medio;12;101619.191595;Medio2;0.083082;2.678431
132;5893;YONDÓ (Casabe);ANTIOQUIA;0.211725;Medio;14;189594.609520;Medio4;0.155125;2.340524
133;5895;ZARAGOZA;ANTIOQUIA;0.249007;Alto;16;117614.625607;Alto1;0.096333;2.369023
134;8770;SUAN;ATLÁNTICO;0.293386;Alto;18;4230.636623;Alto3;0.003491;0.291293
135;8001;BARRANQUILLA;ATLÁNTICO;0.387646;Alto;20;15514.660016;Alto5;0.012831;0.796273
136;8078;BARANOA;ATLÁNTICO;0.227135;Medio;15;12115.436612;Medio5;0.010013;0.674035
137;8141;CANDELARIA;ATLÁNTICO;0.201211;Medio;13;13588.022906;Medio3;0.011220;0.546898
138;8296;GALAPA;ATLÁNTICO;0.351192;Alto;20;9791.662897;Alto5;0.008095;0.414724
139;8372;JUAN DE ACOSTA;ATLÁNTICO;0.257254;Alto;17;16804.248439;Alto2;0.013888;0.733570
140;8421;LURUACO;ATLÁNTICO;0.306463;Alto;19;23563.590879;Alto4;0.019462;0.771498
141;8606;REPELÓN;ATLÁNTICO;0.210138;Medio;14;35172.211253;Medio4;0.029039;0.791282
142;8634;SABANAGRANDE;ATLÁNTICO;0.357289;Alto;20;4239.113234;Alto5;0.003504;0.282374
143;15401;LA VICTORIA;BOYACÁ;0.161421;Bajo;6;2857.833189;Bajo1;0.002332;0.279034
144;8638;SABANALARGA;ATLÁNTICO;0.115634;Muy bajo;1;39690.782585;Muy bajo1;0.032785;0.923787
145;8675;SANTA LUCÍA;ATLÁNTICO;0.288926;Alto;18;5762.324959;Alto3;0.004756;0.418653
146;15403;LA UVITA;BOYACÁ;0.152609;Muy bajo;4;16154.086389;Muy bajo4;0.013191;0.621702
147;13780;TALAIGUA NUEVO;BOLÍVAR;0.172571;Bajo;9;24821.822054;Bajo4;0.020426;0.917819
148;13810;TIQUISIO (Puerto Rico);BOLÍVAR;0.141441;Muy bajo;2;76206.611758;Muy bajo2;0.062578;1.574502
149;13836;TURBACO;BOLÍVAR;0.244907;Alto;16;20254.641946;Alto1;0.016712;0.661674
150;15442;MARIPÍ;BOYACÁ;0.142813;Muy bajo;3;15981.742226;Muy bajo3;0.013044;0.674949
151;15455;MIRAFLORES;BOYACÁ;0.139875;Muy bajo;2;25588.385002;Muy bajo2;0.020865;0.711811
152;15464;MONGUA;BOYACÁ;0.150165;Muy bajo;4;36006.248934;Muy bajo4;0.029377;0.922814
153;13838;TURBANA;BOLÍVAR;0.204716;Medio;13;19004.935677;Medio3;0.015673;1.002123
154;13873;VILLANUEVA;BOLÍVAR;0.257162;Alto;17;14255.075588;Alto2;0.011766;0.679675
155;13894;ZAMBRANO;BOLÍVAR;0.252321;Alto;17;31086.092227;Alto2;0.025610;0.834457
156;13620;SAN CRISTOBAL;BOLÍVAR;0.222964;Medio;15;4190.767135;Medio5;0.003459;0.295020
157;15001;TUNJA;BOYACÁ;0.169049;Bajo;8;11981.241483;Bajo3;0.009776;0.555205
158;8433;MALAMBO;ATLÁNTICO;0.362347;Alto;20;9896.391027;Alto5;0.008181;0.481010
159;15022;ALMEIDA;BOYACÁ;0.144052;Muy bajo;3;5728.677533;Muy bajo3;0.004670;0.332156
160;15047;AQUITANIA;BOYACÁ;0.131204;Muy bajo;2;85308.618987;Muy bajo2;0.069580;1.611560
161;8436;MANATÍ;ATLÁNTICO;0.227148;Medio;15;21373.938571;Medio5;0.017645;0.701783
162;15051;ARCABUCO;BOYACÁ;0.170233;Bajo;8;13743.016892;Bajo3;0.011218;0.716617
163;15466;MONGUÍ;BOYACÁ;0.151959;Muy bajo;4;6898.873252;Muy bajo4;0.005629;0.353190
164;15087;BELÉN;BOYACÁ;0.145989;Muy bajo;3;16310.830224;Muy bajo3;0.013317;0.610895
165;15090;BERBEO;BOYACÁ;0.168008;Bajo;7;5972.623004;Bajo2;0.004871;0.443250
166;15092;BETÉITIVA;BOYACÁ;0.134706;Muy bajo;2;10181.033241;Muy bajo2;0.008311;0.477269
167;15097;BOAVITA;BOYACÁ;0.172366;Bajo;8;14298.927046;Bajo3;0.011679;0.641094
168;8832;TUBARÁ;ATLÁNTICO;0.356958;Alto;20;18267.931119;Alto5;0.015103;0.687711
169;11001;BOGOTÁ, D.C.;CUNDINAMARCA;0.670492;Muy alto;24;161655.886911;Muy alto4;0.131695;3.587792
170;13001;CARTAGENA DE INDIAS;BOLÍVAR;0.255287;Alto;17;56734.783895;Alto2;0.046824;3.013767
171;13006;ACHÍ;BOLÍVAR;0.242542;Alto;16;95239.892520;Alto1;0.078231;1.786889
172;13030;ALTOS DEL ROSARIO;BOLÍVAR;0.264351;Alto;17;30447.800008;Alto2;0.025020;0.968836
173;13042;ARENAL;BOLÍVAR;0.192075;Medio;12;46158.232679;Medio2;0.037889;1.510163
174;13052;ARJONA;BOLÍVAR;0.221482;Medio;14;59056.187319;Medio4;0.048698;1.277346
175;13062;ARROYOHONDO;BOLÍVAR;0.217382;Medio;14;16275.411235;Medio4;0.013427;0.740888
176;8849;USIACURÍ;ATLÁNTICO;0.229563;Medio;15;10170.048098;Medio5;0.008404;0.535496
177;13074;BARRANCO DE LOBA;BOLÍVAR;0.204060;Medio;13;42885.922534;Medio3;0.035248;1.572421
178;13140;CALAMAR;BOLÍVAR;0.184083;Medio;11;26206.172188;Medio1;0.021619;1.218368
179;13160;CANTAGALLO;BOLÍVAR;0.162697;Bajo;6;88184.788445;Bajo1;0.072206;1.620573
180;8558;POLONUEVO;ATLÁNTICO;0.222459;Medio;15;7415.276458;Medio5;0.006128;0.412818
181;13188;CICUCO;BOLÍVAR;0.190801;Medio;12;13141.907899;Medio2;0.010812;0.513370
182;13212;CÓRDOBA;BOLÍVAR;0.160833;Bajo;6;59649.492520;Bajo1;0.049111;1.193693
183;13222;CLEMENCIA;BOLÍVAR;0.205648;Medio;13;8583.436627;Medio3;0.007087;0.680807
184;13244;EL CARMEN DE BOLÍVAR;BOLÍVAR;0.215336;Medio;14;94792.973696;Medio4;0.078071;1.979622
185;8560;PONEDERA;ATLÁNTICO;0.146780;Muy bajo;3;20473.706106;Muy bajo3;0.016911;0.754064
186;15114;BUSBANZÁ;BOYACÁ;0.142725;Muy bajo;3;2518.414662;Muy bajo3;0.002055;0.199229
187;13248;EL GUAMO;BOLÍVAR;0.195838;Medio;12;38321.171734;Medio2;0.031596;0.841686
188;13268;EL PEÑÓN;BOLÍVAR;0.206026;Medio;13;31688.373325;Medio3;0.026047;0.913089
189;13300;HATILLO DE LOBA;BOLÍVAR;0.219621;Medio;14;19338.247439;Medio4;0.015900;1.161847
190;13430;MAGANGUÉ;BOLÍVAR;0.246353;Alto;16;113142.059718;Alto1;0.093063;2.219872
191;13433;MAHATES;BOLÍVAR;0.216446;Medio;14;43289.888457;Medio4;0.035704;1.282239
192;13440;MARGARITA;BOLÍVAR;0.184271;Medio;11;29481.286749;Medio1;0.024245;0.967534
193;13442;MARÍA LA BAJA;BOLÍVAR;0.214962;Medio;14;55874.567906;Medio4;0.046049;1.343825
194;13458;MONTECRISTO;BOLÍVAR;0.145527;Muy bajo;3;209482.170281;Muy bajo3;0.171813;3.328467
195;13468;MOMPÓS;BOLÍVAR;0.312948;Alto;19;65302.014752;Alto4;0.053713;1.338784
196;13473;MORALES;BOLÍVAR;0.206895;Medio;13;134462.721741;Medio3;0.110351;2.015841
197;13490;NOROSI;BOLÍVAR;0.295420;Alto;19;41731.835986;Alto4;0.034270;1.180708
198;13549;PINILLOS;BOLÍVAR;0.190893;Medio;12;77390.194541;Medio2;0.063612;2.075924
199;13580;REGIDOR;BOLÍVAR;0.205583;Medio;13;18068.807826;Medio3;0.014846;0.821485
200;13600;RIOVIEJO;BOLÍVAR;0.220990;Medio;14;84742.785219;Medio4;0.069588;2.970530
201;13647;SAN ESTANISLAO;BOLÍVAR;0.199053;Medio;13;21028.888110;Medio3;0.017353;0.648691
202;13650;SAN FERNANDO;BOLÍVAR;0.204902;Medio;13;31904.836059;Medio3;0.026240;1.097423
203;13654;SAN JACINTO;BOLÍVAR;0.276542;Alto;18;44080.054576;Alto3;0.036319;1.242305
204;13655;SAN JACINTO DEL CAUCA;BOLÍVAR;0.159569;Muy bajo;5;56948.434612;Muy bajo5;0.046730;1.758457
205;13657;SAN JUAN NEPOMUCENO;BOLÍVAR;0.192587;Medio;12;63455.946868;Medio2;0.052306;1.501293
206;13667;SAN MARTIN DE LOBA;BOLÍVAR;0.173687;Bajo;9;45487.635737;Bajo4;0.037382;1.349259
207;13670;SAN PABLO;BOLÍVAR;0.199350;Medio;13;202569.912133;Medio3;0.165923;3.092082
208;13673;SANTA CATALINA;BOLÍVAR;0.296491;Alto;19;16232.957861;Alto4;0.013407;1.032321
209;15224;CUCAITA;BOYACÁ;0.168614;Bajo;7;4230.485864;Bajo2;0.003452;0.283525
210;13683;SANTA ROSA;BOLÍVAR;0.202328;Medio;13;15442.955186;Medio3;0.012747;0.573434
211;13688;SANTA ROSA DEL SUR;BOLÍVAR;0.149757;Muy bajo;4;238183.686829;Muy bajo4;0.195247;3.299614
212;13744;SIMITÍ;BOLÍVAR;0.205788;Medio;13;135688.867957;Medio3;0.111250;2.511973
213;8520;PALMAR DE VARELA;ATLÁNTICO;0.261482;Alto;17;9149.305403;Alto2;0.007560;0.423577
214;15362;IZA;BOYACÁ;0.139768;Muy bajo;2;3437.538214;Muy bajo2;0.002805;0.268677
215;8549;PIOJÓ;ATLÁNTICO;0.381428;Alto;20;25432.757081;Alto5;0.021013;0.733194
216;15226;CUÍTIVA;BOYACÁ;0.153199;Muy bajo;5;4366.157819;Muy bajo5;0.003562;0.296704
217;8573;PUERTO COLOMBIA;ATLÁNTICO;0.295264;Alto;19;7087.410798;Alto4;0.005862;0.589147
218;15367;JENESANO;BOYACÁ;0.128400;Muy bajo;2;5925.480661;Muy bajo2;0.004834;0.447702
219;15368;JERICÓ;BOYACÁ;0.207506;Medio;13;13185.067366;Medio3;0.010765;0.517368
220;15377;LABRANZAGRANDE;BOYACÁ;0.141279;Muy bajo;2;64047.982471;Muy bajo2;0.052236;1.221771
221;15407;VILLA DE LEIVA;BOYACÁ;0.176182;Bajo;9;12756.392676;Bajo4;0.010412;0.587921
222;15109;BUENAVISTA;BOYACÁ;0.129515;Muy bajo;2;11230.161796;Muy bajo2;0.009164;0.457423
223;15425;MACANAL;BOYACÁ;0.167794;Bajo;7;19901.880949;Bajo2;0.016225;0.651668
224;15469;MONIQUIRÁ;BOYACÁ;0.137915;Muy bajo;2;21532.859352;Muy bajo2;0.017582;0.858159
225;15480;MUZO;BOYACÁ;0.191159;Medio;12;13753.882421;Medio2;0.011225;0.666385
226;15507;OTANCHE;BOYACÁ;0.117507;Muy bajo;1;47538.417511;Muy bajo1;0.038811;1.298986
227;15514;PÁEZ;BOYACÁ;0.138120;Muy bajo;2;35199.378356;Muy bajo2;0.028697;0.881152
228;15516;PAIPA;BOYACÁ;0.200414;Medio;13;31652.108013;Medio3;0.025838;1.070851
229;15518;PAJARITO;BOYACÁ;0.166488;Bajo;7;32235.276016;Bajo2;0.026286;0.882091
230;15476;MOTAVITA;BOYACÁ;0.170605;Bajo;8;5980.573146;Bajo3;0.004881;0.352211
231;15491;NOBSA;BOYACÁ;0.221818;Medio;14;5474.371715;Medio4;0.004468;0.337105
232;15104;BOYACÁ;BOYACÁ;0.206704;Medio;13;4724.418802;Medio3;0.003854;0.328278
233;15106;BRICEÑO;BOYACÁ;0.150570;Muy bajo;4;6570.861505;Muy bajo4;0.005364;0.461456
234;15131;CALDAS;BOYACÁ;0.156180;Muy bajo;5;7917.297651;Muy bajo5;0.006462;0.386293
235;15135;CAMPOHERMOSO;BOYACÁ;0.135553;Muy bajo;2;30250.431552;Muy bajo2;0.024661;0.841488
236;15162;CERINZA;BOYACÁ;0.164570;Bajo;6;6387.649308;Bajo1;0.005215;0.326224
237;15172;CHINAVITA;BOYACÁ;0.167596;Bajo;7;13637.240599;Bajo2;0.011122;0.514017
238;15176;CHIQUINQUIRÁ;BOYACÁ;0.164819;Bajo;7;16652.224322;Bajo2;0.013592;0.845351
239;15180;CHISCAS;BOYACÁ;0.160250;Muy bajo;5;66581.731668;Muy bajo5;0.054407;1.243412
240;15183;CHITA;BOYACÁ;0.142944;Muy bajo;3;68665.276253;Muy bajo3;0.056047;1.365710
241;15185;CHITARAQUE;BOYACÁ;0.158170;Muy bajo;5;15442.138144;Muy bajo5;0.012611;0.520424
242;15816;TOGÜÍ;BOYACÁ;0.136013;Muy bajo;2;11544.314657;Muy bajo2;0.009427;0.503858
243;15187;CHIVATÁ;BOYACÁ;0.177189;Bajo;10;4927.130669;Bajo5;0.004020;0.416513
244;15189;CIÉNEGA;BOYACÁ;0.155498;Muy bajo;5;5397.631404;Muy bajo5;0.004403;0.376630
245;15494;NUEVO COLÓN;BOYACÁ;0.131134;Muy bajo;2;5154.293694;Muy bajo2;0.004205;0.349313
246;15204;CÓMBITA;BOYACÁ;0.149774;Muy bajo;4;14529.383219;Muy bajo4;0.011859;0.680100
247;15212;COPER;BOYACÁ;0.163349;Bajo;6;14924.518060;Bajo1;0.012178;0.640495
248;15820;TÓPAGA;BOYACÁ;0.157015;Muy bajo;5;3381.626095;Muy bajo5;0.002760;0.269810
249;15218;COVARACHÍA;BOYACÁ;0.154795;Muy bajo;5;10246.367888;Muy bajo5;0.008372;0.480656
250;15215;CORRALES;BOYACÁ;0.151565;Muy bajo;4;6200.948711;Muy bajo4;0.005061;0.395372
251;15223;CUBARÁ;BOYACÁ;0.160736;Bajo;6;118051.330679;Bajo1;0.096479;1.837001
252;15232;CHÍQUIZA;BOYACÁ;0.145836;Muy bajo;3;11473.383373;Muy bajo3;0.009364;0.489408
253;15236;CHIVOR;BOYACÁ;0.137909;Muy bajo;2;10897.420131;Muy bajo2;0.008883;0.543610
254;15238;DUITAMA;BOYACÁ;0.178339;Bajo;10;23400.243798;Bajo5;0.019103;0.926557
255;15244;EL COCUY;BOYACÁ;0.128907;Muy bajo;2;23729.871027;Muy bajo2;0.019378;0.737287
256;15832;TUNUNGUÁ;BOYACÁ;0.141872;Muy bajo;2;2919.601454;Muy bajo2;0.002383;0.242324
257;15248;EL ESPINO;BOYACÁ;0.157016;Muy bajo;5;6988.671583;Muy bajo5;0.005709;0.324364
258;17088;BELALCAZAR;CALDAS;0.226112;Medio;15;11358.031932;Medio5;0.009253;0.571914
259;17174;CHINCHINÁ;CALDAS;0.328125;Alto;19;11007.442001;Alto4;0.008969;0.756246
260;17272;FILADELFIA;CALDAS;0.175595;Bajo;9;19347.986204;Bajo4;0.015773;0.617309
261;17380;LA DORADA;CALDAS;0.344862;Alto;20;55726.785346;Alto5;0.045474;1.754183
262;17433;MANZANARES;CALDAS;0.205618;Medio;13;19902.902160;Medio3;0.016229;0.679361
263;17444;MARQUETALIA;CALDAS;0.216933;Medio;14;9028.828567;Medio4;0.007364;0.526427
264;17446;MARULANDA;CALDAS;0.197367;Medio;12;37690.976594;Medio2;0.030732;1.186615
265;17486;NEIRA;CALDAS;0.178099;Bajo;10;36855.532984;Bajo5;0.030043;1.293105
266;17495;NORCASIA;CALDAS;0.145940;Muy bajo;3;22788.704421;Muy bajo3;0.018598;0.941740
267;15272;FIRAVITOBA;BOYACÁ;0.165907;Bajo;7;10961.832126;Bajo2;0.008945;0.495799
268;25126;CAJICÁ;CUNDINAMARCA;0.294783;Alto;19;5035.687932;Alto4;0.004106;0.393340
269;15276;FLORESTA;BOYACÁ;0.139856;Muy bajo;2;8834.939175;Muy bajo2;0.007211;0.421218
270;15293;GACHANTIVÁ;BOYACÁ;0.232405;Medio;15;8690.395313;Medio5;0.007094;0.459534
271;25745;SIMIJACA;CUNDINAMARCA;0.229584;Medio;15;9904.370624;Medio5;0.008083;0.481483
272;25754;SOACHA;CUNDINAMARCA;0.161672;Bajo;6;18748.652339;Bajo1;0.015278;0.898447
273;15296;GÁMEZA;BOYACÁ;0.157429;Muy bajo;5;12191.772910;Muy bajo5;0.009949;0.615902
274;17388;LA MERCED;CALDAS;0.201029;Medio;13;8937.357423;Medio3;0.007287;0.425995
275;15299;GARAGOA;BOYACÁ;0.151527;Muy bajo;4;19638.112921;Muy bajo4;0.016013;0.595645
276;15317;GUACAMAYAS;BOYACÁ;0.157410;Muy bajo;5;5719.993535;Muy bajo5;0.004672;0.296262
277;15322;GUATEQUE;BOYACÁ;0.230364;Medio;15;3592.756224;Medio5;0.002929;0.285984
278;17442;MARMATO;CALDAS;0.302520;Alto;19;3641.913113;Alto4;0.002970;0.291550
279;17653;SALAMINA;CALDAS;0.211801;Medio;14;39067.260991;Medio4;0.031858;1.061659
280;17662;SAMANÁ;CALDAS;0.161609;Bajo;6;75719.783141;Bajo1;0.061781;1.613171
281;17867;VICTORIA;CALDAS;0.205835;Medio;13;55704.634922;Medio3;0.045447;1.346507
282;17873;VILLAMARIA;CALDAS;0.194351;Medio;12;45556.670872;Medio2;0.037124;1.074321
283;15325;GUAYATÁ;BOYACÁ;0.169609;Bajo;8;10093.854545;Bajo3;0.008229;0.418144
284;15332;GUICÁN;BOYACÁ;0.124454;Muy bajo;1;94866.174055;Muy bajo1;0.077488;1.534981
285;15638;SÁCHICA;BOYACÁ;0.235188;Medio;15;6339.768890;Medio5;0.005174;0.373401
286;18150;CARTAGENA DEL CHAIRÁ;CAQUETÁ;0.110250;Muy bajo;1;1277007.540720;Muy bajo1;1.037463;9.274847
287;18205;CURILLO;CAQUETÁ;0.206961;Medio;13;48872.158065;Medio3;0.039668;1.734208
288;18247;EL DONCELLO;CAQUETÁ;0.154351;Muy bajo;5;110586.629625;Muy bajo5;0.089851;2.926620
289;15646;SAMACÁ;BOYACÁ;0.218351;Medio;14;17098.701894;Medio4;0.013952;0.671317
290;18479;MORELIA;CAQUETÁ;0.171104;Bajo;8;47500.756978;Bajo3;0.038571;1.314021
291;18592;PUERTO RICO;CAQUETÁ;0.168205;Bajo;7;414560.378337;Bajo2;0.336897;4.101094
292;18610;SAN JOSÉ DEL FRAGUA;CAQUETÁ;0.126339;Muy bajo;1;123955.884336;Muy bajo1;0.100601;1.991942
293;18753;SAN VICENTE DEL CAGUÁN;CAQUETÁ;0.168036;Bajo;7;1751289.402480;Bajo2;1.423247;10.602021
294;18756;SOLANO;CAQUETÁ;0.145691;Muy bajo;3;4231753.387580;Muy bajo3;3.436173;20.079920
295;18785;SOLITA;CAQUETÁ;0.210728;Medio;14;69475.057439;Medio4;0.056406;1.523249
296;18860;VALPARAÍSO;CAQUETÁ;0.218659;Medio;14;103030.898394;Medio4;0.083657;2.166102
297;19001;POPAYÁN;CAUCA;0.262224;Alto;17;48016.492971;Alto2;0.038969;1.211087
298;19022;ALMAGUER;CAUCA;0.176587;Bajo;10;23791.552634;Bajo5;0.019294;0.699508
299;15660;SAN EDUARDO;BOYACÁ;0.224876;Medio;15;10759.397726;Medio5;0.008774;0.443212
300;15798;TENZA;BOYACÁ;0.224679;Medio;15;4605.156210;Medio5;0.003755;0.306655
301;19142;CALOTO;CAUCA;0.269458;Alto;18;26683.713257;Alto3;0.021673;1.340141
302;19212;CORINTO;CAUCA;0.188440;Medio;11;32619.088915;Medio1;0.026502;0.821119
303;19256;EL TAMBO;CAUCA;0.173438;Bajo;9;273649.254488;Bajo4;0.221943;2.985720
304;15664;SAN JOSÉ DE PARE;BOYACÁ;0.183996;Medio;11;7242.384367;Medio1;0.005915;0.350216
305;15667;SAN LUIS DE GACENO;BOYACÁ;0.154294;Muy bajo;5;47476.848314;Muy bajo5;0.038693;1.108883
306;15808;TINJACÁ;BOYACÁ;0.187745;Medio;11;8209.729235;Medio1;0.006700;0.358893
307;19780;SUÁREZ;CAUCA;0.209385;Medio;14;59386.111171;Medio4;0.048205;1.542941
308;19785;SUCRE;CAUCA;0.137644;Muy bajo;2;13572.187414;Muy bajo2;0.011006;0.741132
309;19807;TIMBÍO;CAUCA;0.215435;Medio;14;20222.202251;Medio4;0.016408;0.881242
310;19809;TIMBIQUÍ;CAUCA;0.126630;Muy bajo;1;206192.276807;Muy bajo1;0.167096;2.487031
311;19821;TORIBÍO;CAUCA;0.183027;Medio;11;48845.654273;Medio1;0.039680;0.989787
312;19824;TOTORÓ;CAUCA;0.231090;Medio;15;40478.904101;Medio5;0.032862;1.263555
313;19845;VILLA RICA;CAUCA;0.292732;Alto;18;8125.133126;Alto3;0.006599;0.636505
314;25120;CABRERA;CUNDINAMARCA;0.159644;Muy bajo;5;42178.353206;Muy bajo5;0.034343;0.977868
315;20001;VALLEDUPAR;CESAR;0.205287;Medio;13;418125.738496;Medio3;0.345155;4.564053
316;20011;AGUACHICA;CESAR;0.218447;Medio;14;87777.318941;Medio4;0.072032;1.907900
317;20013;AGUSTÍN CODAZZI;CESAR;0.151682;Muy bajo;4;175493.029671;Muy bajo4;0.144659;2.585781
318;20032;ASTREA;CESAR;0.143983;Muy bajo;3;63745.448460;Muy bajo3;0.052489;1.270548
319;20045;BECERRILL;CESAR;0.220981;Medio;14;122302.384150;Medio4;0.100749;2.319876
320;20060;BOSCONIA;CESAR;0.164811;Bajo;7;58780.482029;Bajo2;0.048462;1.054072
321;20175;CHIMICHAGUA;CESAR;0.187107;Medio;11;138181.089664;Medio1;0.113686;2.388591
322;20178;CHIRIGUANÁ;CESAR;0.239132;Medio;15;111579.629930;Medio5;0.091847;2.333107
323;20228;CURUMANÍ;CESAR;0.156133;Muy bajo;5;91402.881548;Muy bajo5;0.075199;1.527847
324;20238;EL COPEY;CESAR;0.181478;Medio;11;95714.986850;Medio1;0.078975;1.564048
325;20250;EL PASO;CESAR;0.180877;Medio;11;81056.127069;Medio1;0.066775;2.031417
326;25123;CACHIPAY;CUNDINAMARCA;0.160332;Muy bajo;5;5217.233288;Muy bajo5;0.004252;0.396904
327;25148;CAPARRAPÍ;CUNDINAMARCA;0.168511;Bajo;7;61585.135628;Bajo2;0.050245;1.155038
328;25154;CARMEN DE CARUPA;CUNDINAMARCA;0.149096;Muy bajo;3;29733.496232;Muy bajo3;0.024258;0.874021
329;25168;CHAGUANÍ;CUNDINAMARCA;0.181639;Medio;11;17386.896689;Medio1;0.014175;0.614488
330;15764;SORACÁ;BOYACÁ;0.152192;Muy bajo;4;5589.946276;Muy bajo4;0.004561;0.351179
331;25175;CHÍA;CUNDINAMARCA;0.243126;Alto;16;7938.083224;Alto1;0.006472;0.457653
332;15696;SANTA SOFÍA;BOYACÁ;0.175402;Bajo;9;7846.745650;Bajo4;0.006406;0.397258
333;15720;SATIVANORTE;BOYACÁ;0.154966;Muy bajo;5;16148.185595;Muy bajo5;0.013185;0.680011
334;25178;CHIPAQUE;CUNDINAMARCA;0.181683;Medio;11;15017.126445;Medio1;0.012236;0.685130
335;15776;SUTAMARCHÁN;BOYACÁ;0.220240;Medio;14;10057.724373;Medio4;0.008209;0.446495
336;25181;CHOACHÍ;CUNDINAMARCA;0.161646;Bajo;6;21291.729633;Bajo1;0.017351;0.736797
337;25183;CHOCONTÁ;CUNDINAMARCA;0.173641;Bajo;9;30243.619533;Bajo4;0.024665;1.027103
338;15673;SAN MATEO;BOYACÁ;0.142691;Muy bajo;3;12492.514615;Muy bajo3;0.010204;0.518399
339;15676;SAN MIGUEL DE SEMA;BOYACÁ;0.185724;Medio;11;9510.403598;Medio1;0.007761;0.449457
340;15681;SAN PABLO DE BORBUR;BOYACÁ;0.124877;Muy bajo;1;19566.222294;Muy bajo1;0.015972;0.629791
341;15778;SUTATENZA;BOYACÁ;0.167558;Bajo;7;4033.186846;Bajo2;0.003288;0.296526
342;15686;SANTANA;BOYACÁ;0.204953;Medio;13;7254.109538;Medio3;0.005925;0.344702
343;15690;SANTA MARÍA;BOYACÁ;0.152317;Muy bajo;4;31006.871473;Muy bajo4;0.025272;1.029752
344;15693;SANTA ROSA DE VITERBO;BOYACÁ;0.144493;Muy bajo;3;11803.790201;Muy bajo3;0.009636;0.712803
345;15723;SATIVASUR;BOYACÁ;0.157036;Muy bajo;5;5360.396284;Muy bajo5;0.004376;0.438322
346;15740;SIACHOQUE;BOYACÁ;0.154722;Muy bajo;5;11944.471289;Muy bajo5;0.009745;0.480965
347;15753;SOATÁ;BOYACÁ;0.169058;Bajo;8;12342.729199;Bajo3;0.010081;0.501400
348;15755;SOCOTÁ;BOYACÁ;0.171460;Bajo;8;59296.821919;Bajo3;0.048392;1.193643
349;15757;SOCHA;BOYACÁ;0.144764;Muy bajo;3;14983.542294;Muy bajo3;0.012230;0.557391
350;15759;SOGAMOSO;BOYACÁ;0.217668;Medio;14;20888.005767;Medio4;0.017043;0.702956
351;15761;SOMONDOCO;BOYACÁ;0.191023;Medio;12;5765.328301;Medio2;0.004700;0.351442
352;15763;SOTAQUIRÁ;BOYACÁ;0.140197;Muy bajo;2;28445.419859;Muy bajo2;0.023220;0.870548
353;15774;SUSACÓN;BOYACÁ;0.183927;Medio;11;18335.365541;Medio1;0.014973;0.729282
354;15790;TASCO;BOYACÁ;0.128097;Muy bajo;2;21026.316207;Muy bajo2;0.017160;0.795071
355;20310;GONZÁLEZ;CESAR;0.170605;Bajo;8;7482.680094;Bajo3;0.006142;0.413930
356;20383;LA GLORIA;CESAR;0.233375;Medio;15;80167.650186;Medio5;0.065849;1.830679
357;20400;LA JAGUA DE IBIRICO;CESAR;0.180301;Medio;11;75163.582686;Medio1;0.061888;1.831818
358;15804;TIBANÁ;BOYACÁ;0.141904;Muy bajo;2;12163.832694;Muy bajo2;0.009922;0.545724
359;20621;LA PAZ;CESAR;0.211019;Medio;14;107106.596509;Medio4;0.088343;3.184942
360;20710;SAN ALBERTO;CESAR;0.239997;Medio;15;55004.699457;Medio5;0.045089;1.443776
361;20750;SAN DIEGO;CESAR;0.158115;Muy bajo;5;64841.217254;Muy bajo5;0.053486;2.030338
362;20770;SAN MARTÍN;CESAR;0.204315;Medio;13;99461.207120;Medio3;0.081557;2.037220
363;20787;TAMALAMEQUE;CESAR;0.163715;Bajo;6;51271.643865;Bajo1;0.042147;1.003521
364;23001;MONTERÍA;CÓRDOBA;0.288886;Alto;18;315182.463735;Alto3;0.258608;3.635098
365;23068;AYAPEL;CÓRDOBA;0.211906;Medio;14;193440.697492;Medio4;0.158711;2.172196
366;23079;BUENAVISTA;CÓRDOBA;0.185711;Medio;11;84020.024461;Medio1;0.068905;1.760124
367;23090;CANALETE;CÓRDOBA;0.166022;Bajo;7;41991.786601;Bajo2;0.034455;1.273730
368;23162;CERETÉ;CÓRDOBA;0.290414;Alto;18;28985.462260;Alto3;0.023805;1.483278
369;15806;TIBASOSA;BOYACÁ;0.153906;Muy bajo;5;9415.126617;Muy bajo5;0.007684;0.490826
370;15810;TIPACOQUE;BOYACÁ;0.210555;Medio;14;7236.616415;Medio4;0.005912;0.371279
371;15762;SORA;BOYACÁ;0.178283;Bajo;10;4738.807490;Bajo5;0.003867;0.290293
372;15814;TOCA;BOYACÁ;0.196780;Medio;12;16966.033519;Medio2;0.013844;0.535720
373;25200;COGUA;CUNDINAMARCA;0.229806;Medio;15;13343.762685;Medio5;0.010883;0.617234
374;25214;COTA;CUNDINAMARCA;0.311020;Alto;19;5427.828240;Alto4;0.004425;0.509077
375;25245;EL COLEGIO;CUNDINAMARCA;0.180631;Medio;11;11764.968649;Medio1;0.009587;0.502020
376;25258;EL PEÑÓN;CUNDINAMARCA;0.188885;Medio;11;13595.362742;Medio1;0.011090;0.601790
377;25260;EL ROSAL;CUNDINAMARCA;0.251042;Alto;17;8643.406921;Alto2;0.007047;0.386979
378;15500;OICATÁ;BOYACÁ;0.168934;Bajo;8;6034.310381;Bajo3;0.004924;0.330059
379;15511;PACHAVITA;BOYACÁ;0.254266;Alto;17;6585.245055;Alto2;0.005370;0.341186
380;15533;PAYA;BOYACÁ;0.134051;Muy bajo;2;44338.361639;Muy bajo2;0.036158;1.112403
381;15522;PANQUEBA;BOYACÁ;0.145101;Muy bajo;3;4015.864604;Muy bajo3;0.003280;0.324321
382;15531;PAUNA;BOYACÁ;0.131001;Muy bajo;2;25266.914057;Muy bajo2;0.020626;0.881344
383;15550;PISVA;BOYACÁ;0.122606;Muy bajo;1;46570.675462;Muy bajo1;0.037989;1.001110
384;15572;PUERTO BOYACÁ;BOYACÁ;0.225315;Medio;15;150723.805457;Medio5;0.123090;2.345388
385;15580;QUÍPAMA;BOYACÁ;0.136747;Muy bajo;2;16743.321556;Muy bajo2;0.013665;0.827974
386;15599;RAMIRIQUÍ;BOYACÁ;0.135359;Muy bajo;2;12646.022099;Muy bajo2;0.010315;0.751785
387;15537;PAZ DE RIO;BOYACÁ;0.155869;Muy bajo;5;12357.225493;Muy bajo5;0.010088;0.502139
388;15542;PESCA;BOYACÁ;0.153073;Muy bajo;5;26220.973766;Muy bajo5;0.021392;0.925452
389;15600;RÁQUIRA;BOYACÁ;0.184604;Medio;11;21860.624191;Medio1;0.017839;0.697668
390;15621;RONDÓN;BOYACÁ;0.175447;Bajo;9;20653.358260;Bajo4;0.016847;0.682162
391;15632;SABOYÁ;BOYACÁ;0.195648;Medio;12;24396.078135;Medio2;0.019915;0.767068
392;15822;TOTA;BOYACÁ;0.159270;Muy bajo;5;19607.964075;Muy bajo5;0.015996;0.718468
393;15835;TURMEQUÉ;BOYACÁ;0.183621;Medio;11;7959.578341;Medio1;0.006493;0.390379
394;15837;TUTA;BOYACÁ;0.220824;Medio;14;16466.642663;Medio4;0.013438;0.667253
395;15839;TUTAZÁ;BOYACÁ;0.161002;Bajo;6;12180.949598;Bajo1;0.009946;0.483967
396;15842;ÚMBITA;BOYACÁ;0.172000;Bajo;8;14583.833121;Bajo3;0.011895;0.541350
397;15861;VENTAQUEMADA;BOYACÁ;0.148571;Muy bajo;3;15783.051069;Muy bajo3;0.012876;0.643869
398;25286;FUNZA;CUNDINAMARCA;0.284004;Alto;18;6718.173809;Alto3;0.005476;0.401302
399;25317;GUACHETÁ;CUNDINAMARCA;0.237569;Medio;15;17173.416781;Medio5;0.014011;0.596149
400;25320;GUADUAS;CUNDINAMARCA;0.243052;Alto;16;76293.000952;Alto1;0.062222;1.532116
401;25322;GUASCA;CUNDINAMARCA;0.138589;Muy bajo;2;36280.854033;Muy bajo2;0.029575;0.890111
402;15879;VIRACACHÁ;BOYACÁ;0.142563;Muy bajo;3;6241.843950;Muy bajo3;0.005092;0.332274
403;15897;ZETAQUIRÁ;BOYACÁ;0.165512;Bajo;7;25067.238836;Bajo2;0.020444;0.879226
404;17001;MANIZALES;CALDAS;0.266318;Alto;18;44259.223509;Alto3;0.036072;1.347183
405;17013;AGUADAS;CALDAS;0.179322;Bajo;10;47594.571094;Bajo5;0.038824;1.329887
406;17042;ANSERMA;CALDAS;0.222628;Medio;15;20872.713440;Medio5;0.017011;0.894080
407;17050;ARANZAZU;CALDAS;0.192876;Medio;12;14881.600868;Medio2;0.012133;0.679324
408;17513;PÁCORA;CALDAS;0.201448;Medio;13;25940.096833;Medio3;0.021156;0.742951
409;17524;PALESTINA;CALDAS;0.295552;Alto;19;11198.670662;Alto4;0.009125;0.596371
410;17541;PENSILVANIA;CALDAS;0.213130;Medio;14;49644.454216;Medio4;0.040492;1.236853
411;17614;RIOSUCIO;CALDAS;0.180359;Medio;11;38528.513236;Medio1;0.031412;1.060424
412;17616;RISARALDA;CALDAS;0.258382;Alto;17;8970.360729;Alto2;0.007310;0.649963
413;17877;VITERBO;CALDAS;0.243757;Alto;16;11328.079835;Alto1;0.009229;0.640880
414;18001;FLORENCIA;CAQUETÁ;0.196774;Medio;12;258737.043810;Medio2;0.210154;2.870022
415;18029;ALBANIA;CAQUETÁ;0.257191;Alto;17;41297.912489;Alto2;0.033525;0.984709
416;18094;BELÉN DE LOS ANDAQUÍES;CAQUETÁ;0.161954;Bajo;6;114185.181707;Bajo1;0.092704;1.995995
417;17665;SAN JOSÉ;CALDAS;0.193690;Medio;12;6100.743150;Medio2;0.004971;0.452380
418;17777;SUPIA;CALDAS;0.245404;Alto;16;12235.951922;Alto1;0.009977;0.540072
419;18256;EL PAUJIL;CAQUETÁ;0.203837;Medio;13;125120.188060;Medio3;0.101646;3.103458
420;18410;MONTAÑITA;CAQUETÁ;0.156784;Muy bajo;5;170373.837629;Muy bajo5;0.138391;3.088665
421;18460;MILÁN;CAQUETÁ;0.182959;Medio;11;123076.672723;Medio1;0.099956;1.765933
422;19050;ARGELIA;CAUCA;0.140200;Muy bajo;2;77582.145039;Muy bajo2;0.062883;1.215148
423;19075;BALBOA;CAUCA;0.170076;Bajo;8;41315.962870;Bajo3;0.033486;0.999303
424;19100;BOLÍVAR;CAUCA;0.164218;Bajo;6;79709.295472;Bajo1;0.064624;1.773263
425;19110;BUENOS AIRES;CAUCA;0.229232;Medio;15;23223.361672;Medio5;0.018854;0.918674
426;19130;CAJIBÍO;CAUCA;0.183498;Medio;11;55334.381519;Medio1;0.044906;1.237348
427;19137;CALDONO;CAUCA;0.180200;Medio;11;35449.258852;Medio1;0.028783;1.061020
428;19290;FLORENCIA;CAUCA;0.173706;Bajo;9;5686.303909;Bajo4;0.004609;0.348313
429;19300;GUACHENE;CAUCA;0.333509;Alto;19;9814.028655;Alto4;0.007972;0.613265
430;19318;GUAPI;CAUCA;0.174470;Bajo;9;256832.605212;Bajo4;0.208000;2.203068
431;19355;INZÁ;CAUCA;0.116058;Muy bajo;1;120972.637504;Muy bajo1;0.098235;1.886183
432;19364;JAMBALÓ;CAUCA;0.142639;Muy bajo;3;23381.882726;Muy bajo3;0.018990;0.846459
433;19392;LA SIERRA;CAUCA;0.196513;Medio;12;20832.821272;Medio2;0.016899;0.815956
434;19397;LA VEGA;CAUCA;0.195101;Medio;12;51710.668856;Medio2;0.041944;1.088879
435;19418;LÓPEZ;CAUCA;0.140673;Muy bajo;2;336969.010028;Muy bajo2;0.273292;3.657264
436;19450;MERCADERES;CAUCA;0.210415;Medio;14;69783.283677;Medio4;0.056552;1.247068
437;19455;MIRANDA;CAUCA;0.243095;Alto;16;18804.217300;Alto1;0.015279;0.937805
438;19473;MORALES;CAUCA;0.205847;Medio;13;51162.070180;Medio3;0.041522;1.469456
439;19513;PADILLA;CAUCA;0.173062;Bajo;9;6958.389018;Bajo4;0.005653;0.366822
440;19517;PÁEZ (Belalcázar);CAUCA;0.188502;Medio;11;179698.778119;Medio1;0.145986;2.525755
441;19532;PATÍA (El Bordo);CAUCA;0.167544;Bajo;7;75531.225473;Bajo2;0.061237;1.669451
442;19533;PIAMONTE;CAUCA;0.159061;Muy bajo;5;110496.127801;Muy bajo5;0.089649;2.668919
443;19548;PIENDAMÓ;CAUCA;0.165496;Bajo;7;18150.612717;Bajo2;0.014734;0.887101
444;19573;PUERTO TEJADA;CAUCA;0.214464;Medio;14;10976.703448;Medio4;0.008917;0.618234
445;19585;PURACÉ (Coconuco);CAUCA;0.193248;Medio;12;50789.226854;Medio2;0.041222;1.032045
446;19622;ROSAS;CAUCA;0.167981;Bajo;7;16928.498725;Bajo2;0.013733;0.628440
447;19693;SAN SEBASTIÁN;CAUCA;0.151505;Muy bajo;4;41760.392955;Muy bajo4;0.033871;1.059201
448;19698;SANTANDER DE QUILICHAO;CAUCA;0.225009;Medio;15;51912.867427;Medio5;0.042155;1.348808
449;19701;SANTA ROSA;CAUCA;0.159617;Muy bajo;5;362091.434840;Muy bajo5;0.293720;3.222043
450;19743;SILVIA;CAUCA;0.173402;Bajo;9;67999.494321;Bajo4;0.055214;1.399315
451;19760;SOTARÁ (Paispamba);CAUCA;0.178413;Bajo;10;51499.988192;Bajo5;0.041788;1.290910
452;20295;GAMARRA;CESAR;0.191473;Medio;12;32619.712951;Medio2;0.026775;0.985996
453;20443;MANAURE BALCÓN DEL CESAR;CESAR;0.174200;Bajo;9;13675.045346;Bajo4;0.011286;0.643664
454;20517;PAILITAS;CESAR;0.172136;Bajo;8;53317.546699;Bajo3;0.043831;1.083462
455;20550;PELAYA;CESAR;0.151653;Muy bajo;4;42491.800347;Muy bajo4;0.034916;1.254675
456;20570;PUEBLO BELLO;CESAR;0.152362;Muy bajo;4;74572.861656;Muy bajo4;0.061577;1.718159
457;20614;RIO DE ORO;CESAR;0.143954;Muy bajo;3;54881.464740;Muy bajo3;0.045030;1.293059
458;23168;CHIMA;CÓRDOBA;0.182829;Medio;11;32386.243565;Medio1;0.026618;0.905359
459;23182;CHINÚ;CÓRDOBA;0.150177;Muy bajo;4;59197.712628;Muy bajo4;0.048656;1.572723
460;23189;CIÉNAGA DE ORO;CÓRDOBA;0.201451;Medio;13;64322.876989;Medio3;0.052831;1.951622
461;23300;COTORRA;CÓRDOBA;0.271379;Alto;18;8877.958789;Alto3;0.007295;0.601680
462;23350;LA APARTADA;CÓRDOBA;0.171117;Bajo;8;28654.088791;Bajo3;0.023494;0.974059
463;23417;LORICA;CÓRDOBA;0.296739;Alto;19;94909.298197;Alto4;0.077997;2.025368
464;23419;LOS CÓRDOBAS;CÓRDOBA;0.195341;Medio;12;36380.795555;Medio2;0.029858;1.349705
465;23464;MOMIL;CÓRDOBA;0.191205;Medio;12;16882.840414;Medio2;0.013882;0.655193
466;23466;MONTELÍBANO;CÓRDOBA;0.170022;Bajo;8;155346.931102;Bajo3;0.127268;4.338873
467;23500;MOÑITOS;CÓRDOBA;0.197932;Medio;12;20538.670572;Medio2;0.016876;0.770751
468;23555;PLANETA RICA;CÓRDOBA;0.192067;Medio;12;114272.515514;Medio2;0.093724;2.495782
469;23570;PUEBLO NUEVO;CÓRDOBA;0.229199;Medio;15;80838.891294;Medio5;0.066346;1.797764
470;23574;PUERTO ESCONDIDO;CÓRDOBA;0.197219;Medio;12;41527.223493;Medio2;0.034100;1.084949
471;23580;PUERTO LIBERTADOR;CÓRDOBA;0.128387;Muy bajo;2;164769.282548;Muy bajo2;0.134933;2.755101
472;23586;PURÍSIMA;CÓRDOBA;0.145347;Muy bajo;3;12377.983856;Muy bajo3;0.010178;0.793743
473;23660;SAHAGÚN;CÓRDOBA;0.163707;Bajo;6;96006.777406;Bajo1;0.078858;1.955717
474;23670;SAN ANDRÉS DE SOTAVENTO;CÓRDOBA;0.137741;Muy bajo;2;21988.683189;Muy bajo2;0.018075;0.938987
475;23672;SAN ANTERO;CÓRDOBA;0.223183;Medio;15;20716.284608;Medio5;0.017036;1.035099
476;23675;SAN BERNARDO DEL VIENTO;CÓRDOBA;0.332794;Alto;19;31648.211646;Alto4;0.026019;1.016274
477;23678;SAN CARLOS;CÓRDOBA;0.147211;Muy bajo;3;44653.761897;Muy bajo3;0.036660;1.500073
478;23682;SAN JOSE DE URE;CÓRDOBA;0.172584;Bajo;9;51783.624849;Bajo4;0.042419;1.485627
479;23686;SAN PELAYO;CÓRDOBA;0.181191;Medio;11;44196.743046;Medio1;0.036304;1.802674
480;23807;TIERRALTA;CÓRDOBA;0.159574;Muy bajo;5;491895.090582;Muy bajo5;0.402740;3.604120
481;23815;TUCHÍN;CÓRDOBA;0.212932;Medio;14;10371.254635;Medio4;0.008528;0.543154
482;23855;VALENCIA;CÓRDOBA;0.166379;Bajo;7;92359.777970;Bajo2;0.075687;1.717678
483;25001;AGUA DE DIOS;CUNDINAMARCA;0.246886;Alto;16;8567.484894;Alto1;0.006979;0.451290
484;25019;ALBÁN;CUNDINAMARCA;0.203791;Medio;13;5125.437505;Medio3;0.004179;0.497120
485;25035;ANAPOIMA;CUNDINAMARCA;0.265692;Alto;17;12352.464471;Alto2;0.010066;0.629942
486;25040;ANOLAIMA;CUNDINAMARCA;0.207147;Medio;13;12160.513515;Medio3;0.009913;0.503775
487;25053;ARBELÁEZ;CUNDINAMARCA;0.200641;Medio;13;14432.259526;Medio3;0.011756;0.759597
488;25086;BELTRÁN;CUNDINAMARCA;0.148705;Muy bajo;3;17783.997026;Muy bajo3;0.014494;0.885481
489;25095;BITUIMA;CUNDINAMARCA;0.153823;Muy bajo;5;6168.339741;Muy bajo5;0.005028;0.462484
490;25281;FOSCA;CUNDINAMARCA;0.152411;Muy bajo;4;11268.036400;Muy bajo4;0.009180;0.476110
491;25324;GUATAQUÍ;CUNDINAMARCA;0.160352;Muy bajo;5;8895.630577;Muy bajo5;0.007248;0.547102
492;25326;GUATAVITA;CUNDINAMARCA;0.165494;Bajo;7;25229.862025;Bajo2;0.020570;0.729864
493;25328;GUAYABAL DE SÍQUIMA;CUNDINAMARCA;0.158911;Muy bajo;5;6180.041858;Muy bajo5;0.005038;0.427893
494;25335;GUAYABETAL;CUNDINAMARCA;0.141356;Muy bajo;2;22156.875356;Muy bajo2;0.018048;0.807647
495;25339;GUTIÉRREZ;CUNDINAMARCA;0.126763;Muy bajo;1;45500.080699;Muy bajo1;0.037060;1.119996
496;25368;JERUSALÉN;CUNDINAMARCA;0.155158;Muy bajo;5;22300.427794;Muy bajo5;0.018171;0.672848
497;25295;GACHANCIPÁ;CUNDINAMARCA;0.235072;Medio;15;4293.623994;Medio5;0.003501;0.273408
498;25312;GRANADA;CUNDINAMARCA;0.206637;Medio;13;6031.439292;Medio3;0.004915;0.373915
499;25426;MACHETÁ;CUNDINAMARCA;0.150732;Muy bajo;4;23017.590223;Muy bajo4;0.018769;0.684704
500;25430;MADRID;CUNDINAMARCA;0.254176;Alto;17;12014.513456;Alto2;0.009794;0.614399
501;25740;SIBATÉ;CUNDINAMARCA;0.208665;Medio;13;12218.268173;Medio3;0.009956;0.532655
502;25743;SILVANIA;CUNDINAMARCA;0.173758;Bajo;9;16246.555887;Bajo4;0.013237;0.546345
503;47541;PEDRAZA;MAGDALENA;0.177540;Bajo;10;32126.835884;Bajo5;0.026500;0.921964
504;47545;PIJIÑO  DEL CARMEN;MAGDALENA;0.168177;Bajo;7;66339.430516;Bajo2;0.054629;2.287375
505;47551;PIVIJAY;MAGDALENA;0.178952;Bajo;10;163980.634295;Bajo5;0.135394;2.218016
506;47555;PLATO;MAGDALENA;0.201725;Medio;13;145042.757459;Medio3;0.119512;2.309392
507;47570;PUEBLOVIEJO;MAGDALENA;0.147602;Muy bajo;3;67675.612158;Muy bajo3;0.055953;1.343169
508;47605;REMOLINO;MAGDALENA;0.302313;Alto;19;59749.512388;Alto4;0.049365;1.174720
509;47660;SABANAS DE SAN ANGEL;MAGDALENA;0.164228;Bajo;6;124004.585230;Bajo1;0.102287;2.348365
510;47692;SAN SEBASTIÁN DE BUENAVISTA;MAGDALENA;0.186924;Medio;11;43881.024718;Medio1;0.036117;1.303292
511;25372;JUNÍN;CUNDINAMARCA;0.101600;Muy bajo;1;33815.581353;Muy bajo1;0.027561;0.981152
512;25377;LA CALERA;CUNDINAMARCA;0.229121;Medio;15;32751.761338;Medio5;0.026695;0.983018
513;25386;LA MESA;CUNDINAMARCA;0.152164;Muy bajo;4;14851.642299;Muy bajo4;0.012104;0.567862
514;25394;LA PALMA;CUNDINAMARCA;0.221009;Medio;14;18873.767514;Medio4;0.015398;0.803010
515;25398;LA PEÑA;CUNDINAMARCA;0.221539;Medio;14;12956.789410;Medio4;0.010568;0.549177
516;25402;LA VEGA;CUNDINAMARCA;0.177156;Bajo;10;15490.105084;Bajo5;0.012630;0.682972
517;25407;LENGUAZAQUE;CUNDINAMARCA;0.249812;Alto;16;15355.648603;Alto1;0.012527;0.588746
518;25436;MANTA;CUNDINAMARCA;0.205196;Medio;13;10643.075048;Medio3;0.008678;0.454934
519;25438;MEDINA;CUNDINAMARCA;0.202991;Medio;13;119891.027924;Medio3;0.097678;1.410455
520;25480;NARIÑO;CUNDINAMARCA;0.191392;Medio;12;5511.335411;Medio2;0.004490;0.502496
521;25473;MOSQUERA;CUNDINAMARCA;0.263178;Alto;17;10602.568234;Alto2;0.008642;0.579520
522;25506;VENECIA;CUNDINAMARCA;0.179542;Bajo;10;12242.021993;Bajo5;0.009969;0.505205
523;25486;NEMOCÓN;CUNDINAMARCA;0.195945;Medio;12;9820.665599;Medio2;0.008009;0.526611
524;25524;PANDI;CUNDINAMARCA;0.182160;Medio;11;7154.115621;Medio1;0.005827;0.383965
525;25612;RICAURTE;CUNDINAMARCA;0.209548;Medio;14;12794.597638;Medio4;0.010422;0.709177
526;25488;NILO;CUNDINAMARCA;0.235316;Medio;15;22438.521468;Medio5;0.018278;0.788954
527;25489;NIMAIMA;CUNDINAMARCA;0.173714;Bajo;9;5691.893515;Bajo4;0.004642;0.490168
528;25491;NOCAIMA;CUNDINAMARCA;0.162108;Bajo;6;7014.644475;Bajo1;0.005720;0.383523
529;25513;PACHO;CUNDINAMARCA;0.179145;Bajo;10;40528.646504;Bajo5;0.033057;1.061101
530;25518;PAIME;CUNDINAMARCA;0.180734;Medio;11;17319.279831;Medio1;0.014131;0.668394
531;25530;PARATEBUENO;CUNDINAMARCA;0.126770;Muy bajo;1;88453.182552;Muy bajo1;0.072055;1.766858
532;25535;PASCA;CUNDINAMARCA;0.157467;Muy bajo;5;25206.649524;Muy bajo5;0.020534;0.750921
533;25572;PUERTO SALGAR;CUNDINAMARCA;0.293207;Alto;18;51051.172621;Alto3;0.041666;1.324785
534;25580;PULÍ;CUNDINAMARCA;0.157056;Muy bajo;5;19737.393281;Muy bajo5;0.016086;0.640637
535;25645;SAN ANTONIO DE  TEQUENDAMA;CUNDINAMARCA;0.164100;Bajo;6;8950.637892;Bajo1;0.007294;0.372539
536;25592;QUEBRADANEGRA;CUNDINAMARCA;0.166267;Bajo;7;7957.997607;Bajo2;0.006490;0.410753
537;25594;QUETAME;CUNDINAMARCA;0.220834;Medio;14;13827.836752;Medio4;0.011265;0.557825
538;25596;QUIPILE;CUNDINAMARCA;0.186399;Medio;11;12760.845623;Medio1;0.010401;0.579339
539;25599;APULO;CUNDINAMARCA;0.202797;Medio;13;11884.317412;Medio3;0.009684;0.694097
540;25649;SAN BERNARDO;CUNDINAMARCA;0.194869;Medio;12;24537.705110;Medio2;0.019985;0.843346
541;25099;BOJACÁ;CUNDINAMARCA;0.188076;Medio;11;10280.056059;Medio1;0.008379;0.497898
542;25653;SAN CAYETANO;CUNDINAMARCA;0.168105;Bajo;7;28859.168205;Bajo2;0.023544;0.793452
543;25658;SAN FRANCISCO;CUNDINAMARCA;0.165445;Bajo;7;11843.699088;Bajo2;0.009657;0.575830
544;25662;SAN JUAN DE RIOSECO;CUNDINAMARCA;0.154025;Muy bajo;5;31238.597052;Muy bajo5;0.025464;0.921328
545;25718;SASAIMA;CUNDINAMARCA;0.170392;Bajo;8;11180.984767;Bajo3;0.009116;0.544230
546;25736;SESQUILÉ;CUNDINAMARCA;0.206446;Medio;13;13916.389034;Medio3;0.011348;0.591590
547;25269;FACATATIVÁ;CUNDINAMARCA;0.235910;Medio;15;15883.672107;Medio5;0.012949;0.595794
548;25279;FÓMEQUE;CUNDINAMARCA;0.160386;Muy bajo;5;45802.278672;Muy bajo5;0.037323;0.949053
549;25288;FÚQUENE;CUNDINAMARCA;0.197411;Medio;12;7827.002330;Medio2;0.006386;0.422874
550;25290;FUSAGASUGÁ;CUNDINAMARCA;0.174747;Bajo;9;21148.560360;Bajo4;0.017228;1.067424
551;25293;GACHALÁ;CUNDINAMARCA;0.125223;Muy bajo;1;38380.463064;Muy bajo1;0.031278;1.063320
552;25785;TABIO;CUNDINAMARCA;0.172588;Bajo;9;7559.101104;Bajo4;0.006163;0.387904
553;25151;CÁQUEZA;CUNDINAMARCA;0.148932;Muy bajo;3;11253.211847;Muy bajo3;0.009168;0.535745
554;25224;CUCUNUBÁ;CUNDINAMARCA;0.265184;Alto;17;11027.353010;Alto2;0.008995;0.551006
555;25297;GACHETÁ;CUNDINAMARCA;0.164575;Bajo;6;26090.990847;Bajo1;0.021270;0.769619
556;25299;GAMA;CUNDINAMARCA;0.134286;Muy bajo;2;10711.386177;Muy bajo2;0.008730;0.442251
557;25307;GIRARDOT;CUNDINAMARCA;0.307156;Alto;19;12999.363210;Alto4;0.010589;0.673314
558;25758;SOPÓ;CUNDINAMARCA;0.195581;Medio;12;11094.404012;Medio2;0.009045;0.551980
559;25797;TENA;CUNDINAMARCA;0.145312;Muy bajo;3;5127.860294;Muy bajo3;0.004179;0.381992
560;25769;SUBACHOQUE;CUNDINAMARCA;0.232028;Medio;15;20901.065539;Medio5;0.017043;0.666452
561;25772;SUESCA;CUNDINAMARCA;0.219375;Medio;14;17267.541917;Medio4;0.014083;0.884227
562;25777;SUPATÁ;CUNDINAMARCA;0.176423;Bajo;10;13016.366785;Bajo5;0.010615;0.463210
563;25799;TENJO;CUNDINAMARCA;0.233056;Medio;15;11461.136752;Medio5;0.009344;0.553344
564;25779;SUSA;CUNDINAMARCA;0.208369;Medio;13;10216.507724;Medio3;0.008336;0.514737
565;25781;SUTATAUSA;CUNDINAMARCA;0.219041;Medio;14;6489.675807;Medio4;0.005294;0.368425
566;25793;TAUSA;CUNDINAMARCA;0.146765;Muy bajo;3;20286.553891;Muy bajo3;0.016547;0.926214
567;25805;TIBACUY;CUNDINAMARCA;0.210410;Medio;14;8477.697569;Medio4;0.006906;0.431051
568;25807;TIBIRITA;CUNDINAMARCA;0.195532;Medio;12;5707.670272;Medio2;0.004654;0.326193
569;25815;TOCAIMA;CUNDINAMARCA;0.125503;Muy bajo;1;24773.239651;Muy bajo1;0.020183;0.997046
570;25898;ZIPACÓN;CUNDINAMARCA;0.185823;Medio;11;5404.389463;Medio1;0.004405;0.332203
571;25899;ZIPAQUIRÁ;CUNDINAMARCA;0.156784;Muy bajo;5;19338.573558;Muy bajo5;0.015770;0.841081
572;27001;QUIBDÓ;CHOCÓ;0.409427;Alto;20;350994.564906;Alto5;0.286062;5.090057
573;27006;ACANDÍ;CHOCÓ;0.206972;Medio;13;80408.128378;Medio3;0.065815;1.815558
574;27025;ALTO BAUDÓ (Pie de Pato);CHOCÓ;0.207768;Medio;13;206731.898198;Medio3;0.168283;3.234735
575;27050;ATRATO (Yuto);CHOCÓ;0.217711;Medio;14;43233.754142;Medio4;0.035217;1.302200
576;25817;TOCANCIPÁ;CUNDINAMARCA;0.267091;Alto;18;7442.229144;Alto3;0.006068;0.448195
577;25823;TOPAIPÍ;CUNDINAMARCA;0.201281;Medio;13;14303.779600;Medio3;0.011670;0.688952
578;25839;UBALÁ;CUNDINAMARCA;0.116370;Muy bajo;1;52315.504195;Muy bajo1;0.042639;1.414649
579;27073;BAGADÓ;CHOCÓ;0.279401;Alto;18;80746.063045;Alto3;0.065804;1.470297
580;27075;BAHÍA SOLANO (Mutis);CHOCÓ;0.143770;Muy bajo;3;89306.133399;Muy bajo3;0.072744;3.220021
581;27077;BAJO BAUDÓ (Pizarro);CHOCÓ;0.176259;Bajo;10;347575.399071;Bajo5;0.282581;5.690107
582;27099;BOJAYÁ (Bellavista);CHOCÓ;0.195657;Medio;12;362494.757339;Medio2;0.295515;3.729142
583;27135;EL CANTÓN DEL SAN PABLO (Managrú);CHOCÓ;0.231557;Medio;15;38021.532053;Medio5;0.030953;1.227234
584;27150;CARMEN DEL DARIÉN  (Curbaradó);CHOCÓ;0.380558;Alto;20;318062.704943;Alto5;0.259641;3.425252
585;27160;CÉRTEGUI;CHOCÓ;0.177770;Bajo;10;42097.922895;Bajo5;0.034286;1.439279
586;27205;CONDOTO;CHOCÓ;0.241147;Alto;16;46669.236828;Alto1;0.037990;1.485237
587;27245;EL CARMEN;CHOCÓ;0.206657;Medio;13;83060.321916;Medio3;0.067726;1.421794
588;27250;EL LITORAL DEL SAN JUÁN (Docordó);CHOCÓ;0.194820;Medio;12;412757.567510;Medio2;0.335366;4.364983
589;27361;ISTMINA;CHOCÓ;0.294316;Alto;19;188331.389030;Alto4;0.153150;4.788997
590;27372;JURADÓ;CHOCÓ;0.161226;Bajo;6;126130.377161;Bajo1;0.102837;3.296004
591;27413;LLORÓ;CHOCÓ;0.206268;Medio;13;83348.225381;Medio3;0.067917;1.713649
592;27425;MEDIO ATRATO (Beté);CHOCÓ;0.175170;Bajo;9;181312.203031;Bajo4;0.147795;2.499259
593;27430;MEDIO BAUDÓ(Boca de Pepé);CHOCÓ;0.169298;Bajo;8;137477.680861;Bajo3;0.111831;2.512408
594;27450;MEDIO SAN JUAN (Andagoya);CHOCÓ;0.278849;Alto;18;67000.991777;Alto3;0.054496;2.715662
595;27491;NÓVITA;CHOCÓ;0.212711;Medio;14;94533.613726;Medio4;0.076917;1.683504
596;27495;NUQUÍ;CHOCÓ;0.157115;Muy bajo;5;70516.920062;Muy bajo5;0.057384;2.357790
597;27580;RIO IRÓ (Santa Rita);CHOCÓ;0.193055;Medio;12;32605.260928;Medio2;0.026547;1.130565
598;27600;RIO QUITO (Paimadó);CHOCÓ;0.193703;Medio;12;69041.816761;Medio2;0.056221;1.464327
599;27615;RIOSUCIO;CHOCÓ;0.230632;Medio;15;743955.101829;Medio5;0.607464;6.297170
600;27660;SAN JOSÉ DEL PALMAR;CHOCÓ;0.175458;Bajo;9;158053.465817;Bajo4;0.128683;1.686609
601;27745;SIPÍ;CHOCÓ;0.223744;Medio;15;157145.880947;Medio5;0.127830;2.100112
602;25841;UBAQUE;CUNDINAMARCA;0.151779;Muy bajo;4;10851.050698;Muy bajo4;0.008842;0.517086
603;25843;UBATÉ;CUNDINAMARCA;0.216283;Medio;14;10263.121007;Medio4;0.008373;0.459890
604;25845;UNE;CUNDINAMARCA;0.146529;Muy bajo;3;21070.425715;Muy bajo3;0.017165;0.833770
605;25851;ÚTICA;CUNDINAMARCA;0.206978;Medio;13;9120.373123;Medio3;0.007439;0.524260
606;25862;VERGARA;CUNDINAMARCA;0.165069;Bajo;7;14504.562911;Bajo2;0.011830;0.592455
607;25867;VIANÍ;CUNDINAMARCA;0.191760;Medio;12;6680.041985;Medio2;0.005446;0.459210
608;27787;TADÓ;CHOCÓ;0.244507;Alto;16;71416.824210;Alto1;0.058169;1.835213
609;27800;UNGUÍA;CHOCÓ;0.274685;Alto;18;118302.629787;Alto3;0.096790;1.751900
610;27810;UNIÓN PANAMERICANA ( Animas);CHOCÓ;0.303336;Alto;19;17764.934402;Alto4;0.014463;0.972420
611;41001;NEIVA;HUILA;0.272764;Alto;18;119782.722054;Alto3;0.097399;2.841744
612;41006;ACEVEDO;HUILA;0.142237;Muy bajo;3;53887.469624;Muy bajo3;0.043748;1.131788
613;41013;AGRADO;HUILA;0.204131;Medio;13;26827.884847;Medio3;0.021794;0.888179
614;41016;AIPE;HUILA;0.168059;Bajo;7;79639.477951;Bajo2;0.064770;2.027011
615;41020;ALGECIRAS;HUILA;0.199949;Medio;13;58939.304971;Medio3;0.047905;1.246908
616;25871;VILLAGÓMEZ;CUNDINAMARCA;0.185364;Medio;11;6189.843763;Medio1;0.005049;0.440719
617;41132;CAMPOALEGRE;HUILA;0.119675;Muy bajo;1;46162.333524;Muy bajo1;0.037524;1.018713
618;41206;COLOMBIA;HUILA;0.158965;Muy bajo;5;158454.555178;Muy bajo5;0.128944;2.320707
619;25873;VILLAPINZÓN;CUNDINAMARCA;0.178809;Bajo;10;22562.869773;Bajo5;0.018403;0.771360
620;41615;RIVERA;HUILA;0.296056;Alto;19;32234.665319;Alto4;0.026207;0.894621
621;41660;SALADOBLANCO;HUILA;0.135309;Muy bajo;2;46637.561031;Muy bajo2;0.037860;1.297418
622;41668;SAN AGUSTÍN;HUILA;0.159446;Muy bajo;5;138797.207418;Muy bajo5;0.112633;1.992555
623;41676;SANTA MARÍA;HUILA;0.168907;Bajo;8;33858.150384;Bajo3;0.027521;0.844364
624;25875;VILLETA;CUNDINAMARCA;0.214273;Medio;14;14096.281862;Medio4;0.011494;0.565307
625;25878;VIOTÁ;CUNDINAMARCA;0.159261;Muy bajo;5;20391.827856;Muy bajo5;0.016614;0.712853
626;25885;YACOPÍ;CUNDINAMARCA;0.138000;Muy bajo;2;95792.948789;Muy bajo2;0.078183;1.955313
627;41799;TELLO;HUILA;0.257641;Alto;17;53157.321891;Alto2;0.043231;1.381346
628;41801;TERUEL;HUILA;0.199139;Medio;13;47016.497757;Medio3;0.038211;1.633970
629;41026;ALTAMIRA;HUILA;0.172257;Bajo;8;18101.637022;Bajo3;0.014702;0.672191
630;41078;BARAYA;HUILA;0.176367;Bajo;10;78619.750547;Bajo5;0.063949;1.451401
631;41244;ELÍAS;HUILA;0.207347;Medio;13;8076.716379;Medio3;0.006558;0.492054
632;41298;GARZÓN;HUILA;0.129387;Muy bajo;2;60824.488962;Muy bajo2;0.049415;1.306575
633;41306;GIGANTE;HUILA;0.175386;Bajo;9;50437.795024;Bajo4;0.040984;1.092754
634;44874;VILLANUEVA;LA GUAJIRA;0.201475;Medio;13;26051.092192;Medio3;0.021513;0.828248
635;47001;SANTA MARTA;MAGDALENA;0.144104;Muy bajo;3;234789.753758;Muy bajo3;0.194296;2.916570
636;47030;ALGARROBO;MAGDALENA;0.176130;Bajo;9;40740.371696;Bajo4;0.033621;1.213584
637;47053;ARACATACA;MAGDALENA;0.175681;Bajo;9;174500.373365;Bajo4;0.144180;2.532432
638;47058;ARIGUANÍ (El Dificil);MAGDALENA;0.179706;Bajo;10;113278.940947;Bajo5;0.093364;1.622994
639;41319;GUADALUPE;HUILA;0.133015;Muy bajo;2;25069.513944;Muy bajo2;0.020362;0.702320
640;52835;TUMACO;NARIÑO;0.109105;Muy bajo;1;360253.082863;Muy bajo1;0.290947;5.941069
641;52838;TÚQUERRES;NARIÑO;0.153989;Muy bajo;5;21715.211084;Muy bajo5;0.017577;0.745985
642;41349;HOBO;HUILA;0.226445;Medio;15;19436.159268;Medio5;0.015796;0.652176
643;41357;ÍQUIRA;HUILA;0.178388;Bajo;10;35604.588807;Bajo5;0.028934;0.980840
644;41359;ISNOS;HUILA;0.122245;Muy bajo;1;37673.997418;Muy bajo1;0.030580;1.567302
645;41378;LA ARGENTINA;HUILA;0.142655;Muy bajo;3;35725.005141;Muy bajo3;0.029007;1.367940
646;41396;LA PLATA;HUILA;0.164979;Bajo;7;81499.971787;Bajo2;0.066189;1.564514
647;41483;NÁTAGA;HUILA;0.179762;Bajo;10;12842.063482;Bajo5;0.010434;0.609553
648;41503;OPORAPA;HUILA;0.157017;Muy bajo;5;15421.917479;Muy bajo5;0.012522;0.632294
649;41518;PAICOL;HUILA;0.179782;Bajo;10;27954.912026;Bajo5;0.022711;1.108599
650;41524;PALERMO;HUILA;0.256766;Alto;17;88514.639403;Alto2;0.071960;1.763666
651;41530;PALESTINA;HUILA;0.192070;Medio;12;17880.419186;Medio2;0.014513;0.654587
652;41548;PITAL;HUILA;0.193114;Medio;12;19362.464231;Medio2;0.015727;0.860656
653;41551;PITALITO;HUILA;0.204727;Medio;13;62607.840602;Medio3;0.050823;1.467670
654;41770;SUAZA;HUILA;0.141577;Muy bajo;2;42994.195605;Muy bajo2;0.034915;0.911955
655;41791;TARQUI;HUILA;0.186363;Medio;11;36371.460442;Medio1;0.029539;0.883911
656;41797;TESALIA;HUILA;0.200429;Medio;13;37281.571525;Medio3;0.030293;1.123975
657;41807;TIMANÁ;HUILA;0.176948;Bajo;10;18628.975926;Bajo5;0.015127;0.647990
658;41872;VILLAVIEJA;HUILA;0.177973;Bajo;10;54053.535852;Bajo5;0.043969;1.330800
659;41885;YAGUARÁ;HUILA;0.276705;Alto;18;33301.240625;Alto3;0.027065;0.844445
660;44001;RIOHACHA;LA GUAJIRA;0.107610;Muy bajo;1;308529.144639;Muy bajo1;0.255330;2.886593
661;44035;ALBANIA;LA GUAJIRA;0.252941;Alto;17;54417.406764;Alto2;0.045017;1.379756
662;44078;BARRANCAS;LA GUAJIRA;0.227851;Medio;15;80063.461327;Medio5;0.066189;1.442445
663;44090;DIBULLA;LA GUAJIRA;0.142541;Muy bajo;3;175136.204954;Muy bajo3;0.144900;1.922850
664;44098;DISTRACCIÓN;LA GUAJIRA;0.188668;Medio;11;23295.235957;Medio1;0.019258;0.856173
665;44110;EL MOLINO;LA GUAJIRA;0.195181;Medio;12;24245.797912;Medio2;0.020024;0.700773
666;44279;FONSECA;LA GUAJIRA;0.286368;Alto;18;47263.132395;Alto3;0.039056;1.247143
667;44378;HATO NUEVO;LA GUAJIRA;0.223642;Medio;15;21517.428713;Medio5;0.017796;1.118707
668;44420;LA JAGUA DEL PILAR;LA GUAJIRA;0.209612;Medio;14;17864.307608;Medio4;0.014747;0.926438
669;44430;MAICAO;LA GUAJIRA;0.229585;Medio;15;176903.840025;Medio5;0.146388;2.643686
670;44560;MANAURE;LA GUAJIRA;0.206974;Medio;13;162095.121385;Medio3;0.134273;2.056146
671;44650;SAN JUAN DEL CESAR;LA GUAJIRA;0.253514;Alto;17;131306.383569;Alto2;0.108520;2.371392
672;44847;URIBIA;LA GUAJIRA;0.146195;Muy bajo;3;788350.866374;Muy bajo3;0.653338;6.102348
673;44855;URUMITA;LA GUAJIRA;0.192768;Medio;12;24657.606916;Medio2;0.020357;1.005212
674;47161;CERRO DE SAN ANTONIO;MAGDALENA;0.180940;Medio;11;17504.222776;Medio1;0.014445;0.682334
675;47170;CHIVOLO;MAGDALENA;0.186449;Medio;11;53696.711669;Medio1;0.044289;1.150537
676;47189;CIÉNAGA;MAGDALENA;0.145665;Muy bajo;3;132527.670233;Muy bajo3;0.109588;2.533945
677;47205;CONCORDIA;MAGDALENA;0.179818;Bajo;10;10941.579527;Bajo5;0.009028;0.535627
678;47245;EL BANCO;MAGDALENA;0.195653;Medio;12;81488.616145;Medio2;0.067026;1.609977
679;47258;EL PIÑÓN;MAGDALENA;0.180973;Medio;11;55856.125091;Medio1;0.046103;1.131630
680;47268;EL RETÉN;MAGDALENA;0.296892;Alto;19;26372.689041;Alto4;0.021791;0.943672
681;47288;FUNDACIÓN;MAGDALENA;0.257127;Alto;17;96988.785147;Alto2;0.080089;2.493195
682;47318;GUAMAL;MAGDALENA;0.191196;Medio;12;56322.124631;Medio2;0.046343;1.125944
683;47460;NUEVA GRANADA;MAGDALENA;0.197260;Medio;12;84334.734759;Medio2;0.069488;1.444681
684;52207;CONSACÁ;NARIÑO;0.144133;Muy bajo;3;11909.198278;Muy bajo3;0.009644;0.458239
685;52210;CONTADERO;NARIÑO;0.138185;Muy bajo;2;4322.761744;Muy bajo2;0.003499;0.324807
686;52254;EL PEÑOL;NARIÑO;0.133158;Muy bajo;2;12156.992907;Muy bajo2;0.009846;0.546497
687;52256;EL ROSARIO;NARIÑO;0.137289;Muy bajo;2;52008.300097;Muy bajo2;0.042127;1.407536
688;54480;MUTISCUA;NORTE DE SANTANDER;0.127253;Muy bajo;1;16000.967037;Muy bajo1;0.013096;0.528782
689;54498;OCAÑA;NORTE DE SANTANDER;0.184648;Medio;11;52160.087366;Medio1;0.042798;1.708288
690;52885;YACUANQUER;NARIÑO;0.148096;Muy bajo;3;10240.425637;Muy bajo3;0.008292;0.446599
691;54001;CÚCUTA;NORTE DE SANTANDER;0.329310;Alto;19;113488.742605;Alto4;0.093036;2.784177
692;54003;ÁBREGO;NORTE DE SANTANDER;0.152459;Muy bajo;4;138145.630400;Muy bajo4;0.113281;2.175645
693;54051;ARBOLEDAS;NORTE DE SANTANDER;0.168376;Bajo;7;45703.470517;Bajo2;0.037435;1.159251
694;54099;BOCHALEMA;NORTE DE SANTANDER;0.209986;Medio;14;16922.779919;Medio4;0.013859;0.733229
695;54518;PAMPLONA;NORTE DE SANTANDER;0.231973;Medio;15;29961.882947;Medio5;0.024525;1.009958
696;54109;BUCARASICA;NORTE DE SANTANDER;0.158360;Muy bajo;5;27005.587637;Muy bajo5;0.022145;0.790078
697;54520;PAMPLONITA;NORTE DE SANTANDER;0.136040;Muy bajo;2;17045.077152;Muy bajo2;0.013955;0.681042
698;50245;EL CALVARIO;META;0.130668;Muy bajo;2;27534.714542;Muy bajo2;0.022432;0.769584
699;50251;EL CASTILLO;META;0.152265;Muy bajo;4;57093.735633;Muy bajo4;0.046473;1.109529
700;54553;PUERTO SANTANDER;NORTE DE SANTANDER;0.228446;Medio;15;4447.876551;Medio5;0.003648;0.493612
701;52215;CÓRDOBA;NARIÑO;0.100000;Muy bajo;1;30459.058083;Muy bajo1;0.024666;1.165909
702;52224;CUASPUD (Carlosama);NARIÑO;0.142321;Muy bajo;3;5712.705463;Muy bajo3;0.004623;0.417671
703;52227;CUMBAL;NARIÑO;0.126797;Muy bajo;1;91532.764354;Muy bajo1;0.074029;1.399310
704;52233;CUMBITARA;NARIÑO;0.138909;Muy bajo;2;35584.797303;Muy bajo2;0.028813;1.195786
705;52240;CHACHAGUÍ;NARIÑO;0.146003;Muy bajo;3;14615.602397;Muy bajo3;0.011840;0.718680
706;54599;RAGONVALIA;NORTE DE SANTANDER;0.173939;Bajo;9;9747.071773;Bajo4;0.007981;0.469499
707;54660;SALAZAR;NORTE DE SANTANDER;0.158240;Muy bajo;5;49439.293650;Muy bajo5;0.040510;1.089079
708;54670;SAN CALIXTO;NORTE DE SANTANDER;0.175676;Bajo;9;39635.964888;Bajo4;0.032537;1.356865
709;54673;SAN CAYETANO;NORTE DE SANTANDER;0.249254;Alto;16;13942.281866;Alto1;0.011424;0.656677
710;52250;EL CHARCO;NARIÑO;0.163533;Bajo;6;251422.680981;Bajo1;0.203533;4.269699
711;54680;SANTIAGO;NORTE DE SANTANDER;0.209263;Medio;14;17174.696954;Medio4;0.014075;0.646649
712;54720;SARDINATA;NORTE DE SANTANDER;0.168927;Bajo;8;145735.860522;Bajo3;0.119549;2.515362
713;54743;SILOS;NORTE DE SANTANDER;0.185956;Medio;11;31652.007425;Medio1;0.025899;0.832400
714;54800;TEORAMA;NORTE DE SANTANDER;0.136196;Muy bajo;2;92465.371586;Muy bajo2;0.075964;2.474893
715;54810;TIBÚ;NORTE DE SANTANDER;0.168830;Bajo;8;268116.078475;Bajo3;0.220188;3.986429
716;54820;TOLEDO;NORTE DE SANTANDER;0.120759;Muy bajo;1;147974.709459;Muy bajo1;0.121038;2.049741
717;54871;VILLA CARO;NORTE DE SANTANDER;0.159697;Muy bajo;5;40117.880909;Muy bajo5;0.032887;1.174050
718;54874;VILLA DEL ROSARIO;NORTE DE SANTANDER;0.237438;Medio;15;9174.422349;Medio5;0.007515;0.715186
719;63001;ARMENIA;QUINDÍO;0.237452;Medio;15;11962.214155;Medio5;0.009739;0.796585
720;68861;VÉLEZ;SANTANDER;0.144507;Muy bajo;3;44881.336589;Muy bajo3;0.036671;2.129995
721;68872;VILLANUEVA;SANTANDER;0.269625;Alto;18;9707.413167;Alto3;0.007937;0.546125
722;68895;ZAPATOCA;SANTANDER;0.187471;Medio;11;36422.227674;Medio1;0.029790;1.258829
723;52258;EL TABLÓN;NARIÑO;0.133769;Muy bajo;2;30659.655984;Muy bajo2;0.024851;0.806789
724;52260;EL TAMBO;NARIÑO;0.157699;Muy bajo;5;24663.136594;Muy bajo5;0.019976;0.813383
725;52287;FUNES;NARIÑO;0.125836;Muy bajo;1;39484.615633;Muy bajo1;0.031978;1.255019
726;52317;GUACHUCAL;NARIÑO;0.154327;Muy bajo;5;15661.434615;Muy bajo5;0.012673;0.706504
727;63111;BUENAVISTA;QUINDÍO;0.177990;Bajo;10;3691.955440;Bajo5;0.003005;0.235644
728;63130;CALARCÁ;QUINDÍO;0.223414;Medio;15;21891.784175;Medio5;0.017824;0.890264
729;52320;GUAITARILLA;NARIÑO;0.146626;Muy bajo;3;11692.364626;Muy bajo3;0.009466;0.482006
730;52323;GUALMATÁN;NARIÑO;0.143320;Muy bajo;3;3005.021889;Muy bajo3;0.002432;0.238846
731;52352;ILES;NARIÑO;0.147143;Muy bajo;3;8046.113931;Muy bajo3;0.006514;0.410781
732;63212;CÓRDOBA;QUINDÍO;0.173074;Bajo;9;9545.615163;Bajo4;0.007771;0.462280
733;52354;IMUÉS;NARIÑO;0.147338;Muy bajo;3;8186.095911;Muy bajo3;0.006628;0.408510
734;52356;IPIALES;NARIÑO;0.108411;Muy bajo;1;158528.631281;Muy bajo1;0.128368;2.808624
735;66318;GUÁTICA;RISARALDA;0.165426;Bajo;7;10057.038914;Bajo2;0.008197;0.460709
736;52378;LA CRUZ;NARIÑO;0.143543;Muy bajo;3;23894.244382;Muy bajo3;0.019371;0.656775
737;52381;LA FLORIDA;NARIÑO;0.145606;Muy bajo;3;13621.626428;Muy bajo3;0.011032;0.785475
738;52385;LA LLANADA;NARIÑO;0.130911;Muy bajo;2;24504.751823;Muy bajo2;0.019835;1.366438
739;52390;LA TOLA;NARIÑO;0.323797;Alto;19;41644.941269;Alto4;0.033685;1.620133
740;52399;LA UNIÓN;NARIÑO;0.169608;Bajo;8;14223.272824;Bajo3;0.011526;0.755037
741;52405;LEIVA;NARIÑO;0.152372;Muy bajo;4;30976.660782;Muy bajo4;0.025099;1.052073
742;52411;LINARES;NARIÑO;0.144638;Muy bajo;3;13577.147211;Muy bajo3;0.010993;0.613922
743;52418;LOS ANDES (Sotomayor);NARIÑO;0.148935;Muy bajo;3;95786.792909;Muy bajo3;0.077536;2.075435
744;52427;MAGÜÍ (Payán);NARIÑO;0.106765;Muy bajo;1;181000.578217;Muy bajo1;0.146417;2.402241
745;52435;MALLAMA (Piedrancha);NARIÑO;0.126020;Muy bajo;1;56896.205428;Muy bajo1;0.046031;1.280980
746;52473;MOSQUERA;NARIÑO;0.188583;Medio;11;76030.697037;Medio1;0.061463;1.488819
747;52480;NARIÑO;NARIÑO;0.164824;Bajo;7;4950.774589;Bajo2;0.004010;0.358057
748;52490;OLAYA HERRERA (Bocas de Satinga);NARIÑO;0.241146;Alto;16;100416.053641;Alto1;0.081199;1.764042
749;52506;OSPINA;NARIÑO;0.147746;Muy bajo;3;6483.594760;Muy bajo3;0.005249;0.334509
750;52520;FRANCISCO PIZARRO (Salahonda);NARIÑO;0.227279;Medio;15;52286.976487;Medio5;0.042241;1.564400
751;52540;POLICARPA;NARIÑO;0.130418;Muy bajo;2;43385.027396;Muy bajo2;0.035137;1.180411
752;52560;POTOSÍ;NARIÑO;0.107840;Muy bajo;1;37660.223379;Muy bajo1;0.030493;1.258261
753;52565;PROVIDENCIA;NARIÑO;0.155849;Muy bajo;5;4013.647729;Muy bajo5;0.003249;0.353436
754;52573;PUERRES;NARIÑO;0.104812;Muy bajo;1;35014.719585;Muy bajo1;0.028357;1.187046
755;52585;PUPIALES;NARIÑO;0.134168;Muy bajo;2;12967.241494;Muy bajo2;0.010495;0.585169
756;52612;RICAURTE;NARIÑO;0.106361;Muy bajo;1;105596.778959;Muy bajo1;0.085392;2.149268
757;52621;ROBERTO PAYÁN (San José);NARIÑO;0.142302;Muy bajo;3;145756.584769;Muy bajo3;0.117807;2.341908
758;52678;SAMANIEGO;NARIÑO;0.124921;Muy bajo;1;60443.584286;Muy bajo1;0.048923;1.762915
759;52683;SANDONÁ;NARIÑO;0.152173;Muy bajo;4;10150.758737;Muy bajo4;0.008220;0.482156
760;52685;SAN BERNARDO;NARIÑO;0.183807;Medio;11;6492.665052;Medio1;0.005263;0.467597
761;52687;SAN LORENZO;NARIÑO;0.134821;Muy bajo;2;24885.934259;Muy bajo2;0.020164;0.755645
762;52693;SAN PABLO;NARIÑO;0.127143;Muy bajo;1;11233.048321;Muy bajo1;0.009106;0.483324
763;52694;SAN PEDRO DE CARTAGO (Cartago);NARIÑO;0.148997;Muy bajo;3;5501.719692;Muy bajo3;0.004459;0.356419
764;52696;SANTA BÁRBARA (Iscuandé);NARIÑO;0.100000;Muy bajo;1;120049.668680;Muy bajo1;0.097177;2.311332
765;52699;SANTA CRUZ (Guachavés);NARIÑO;0.129126;Muy bajo;2;53911.380129;Muy bajo2;0.043628;1.293276
766;52720;SAPUYES;NARIÑO;0.149381;Muy bajo;3;11509.932768;Muy bajo3;0.009315;0.637399
767;52786;TAMINANGO;NARIÑO;0.145529;Muy bajo;3;23463.315953;Muy bajo3;0.019007;0.656731
768;52788;TANGUA;NARIÑO;0.134917;Muy bajo;2;21821.794113;Muy bajo2;0.017673;0.764722
769;54125;CÁCOTA;NORTE DE SANTANDER;0.182063;Medio;11;13880.897743;Medio1;0.011359;0.536375
770;54128;CÁCHIRA;NORTE DE SANTANDER;0.155315;Muy bajo;5;61475.999308;Muy bajo5;0.050370;1.571592
771;54172;CHINÁCOTA;NORTE DE SANTANDER;0.217214;Medio;14;16765.253909;Medio4;0.013728;0.742905
772;54174;CHITAGÁ;NORTE DE SANTANDER;0.170747;Bajo;8;118520.953697;Bajo3;0.096931;1.873876
773;54206;CONVENCIÓN;NORTE DE SANTANDER;0.134864;Muy bajo;2;92959.291349;Muy bajo2;0.076394;2.784065
774;54223;CUCUTILLA;NORTE DE SANTANDER;0.137455;Muy bajo;2;37483.768723;Muy bajo2;0.030693;0.852008
775;54239;DURANIA;NORTE DE SANTANDER;0.196492;Medio;12;17602.173380;Medio2;0.014420;0.591812
776;54245;EL CARMEN;NORTE DE SANTANDER;0.148627;Muy bajo;3;172913.030767;Muy bajo3;0.142108;3.129802
777;54250;EL TARRA;NORTE DE SANTANDER;0.130105;Muy bajo;2;70182.156778;Muy bajo2;0.057640;1.392076
778;54261;EL ZULIA;NORTE DE SANTANDER;0.244187;Alto;16;51468.320066;Alto1;0.042195;1.399330
779;54313;GRAMALOTE;NORTE DE SANTANDER;0.202918;Medio;13;14939.781568;Medio3;0.012245;0.662759
780;54344;HACARÍ;NORTE DE SANTANDER;0.139727;Muy bajo;2;41867.006942;Muy bajo2;0.034359;0.960279
781;54347;HERRÁN;NORTE DE SANTANDER;0.128280;Muy bajo;2;10740.751546;Muy bajo2;0.008792;0.605744
782;54377;LABATECA;NORTE DE SANTANDER;0.127406;Muy bajo;1;25547.413081;Muy bajo1;0.020903;0.801855
783;54385;LA ESPERANZA;NORTE DE SANTANDER;0.139510;Muy bajo;2;65431.625762;Muy bajo2;0.053619;1.702623
784;54398;LA PLAYA;NORTE DE SANTANDER;0.151198;Muy bajo;4;24251.119606;Muy bajo4;0.019898;1.093564
785;54405;LOS PATIOS;NORTE DE SANTANDER;0.220808;Medio;14;12646.644980;Medio4;0.010359;0.651819
786;54418;LOURDES;NORTE DE SANTANDER;0.173696;Bajo;9;8772.225110;Bajo4;0.007191;0.459080
787;47675;SALAMINA;MAGDALENA;0.185097;Medio;11;16983.855064;Medio1;0.014025;0.536580
788;47703;SAN ZENÓN;MAGDALENA;0.166771;Bajo;7;26799.991876;Bajo2;0.022056;1.091400
789;47707;SANTA ANA;MAGDALENA;0.171368;Bajo;8;111825.685564;Bajo3;0.092080;2.952085
790;47720;SANTA BÁRBARA DE PINTO;MAGDALENA;0.180150;Medio;11;49511.416724;Medio1;0.040767;1.170467
791;47745;SITIONUEVO;MAGDALENA;0.212994;Medio;14;97123.413790;Medio4;0.080305;1.514524
792;47798;TENERIFE;MAGDALENA;0.178869;Bajo;10;49493.070470;Bajo5;0.040798;0.988056
793;47960;ZAPAYÁN;MAGDALENA;0.153538;Muy bajo;5;35275.832104;Muy bajo5;0.029096;1.167265
794;47980;ZONA BANANERA;MAGDALENA;0.215845;Medio;14;44610.825546;Medio4;0.036878;1.283947
795;50001;VILLAVICENCIO;META;0.320288;Alto;19;131145.774322;Alto4;0.106797;2.053234
796;50006;ACACÍAS;META;0.200769;Medio;13;112331.652294;Medio3;0.091473;2.000231
797;50110;BARRANCA DE UPÍA;META;0.165079;Bajo;7;40761.082745;Bajo2;0.033203;1.259120
798;50124;CABUYARO;META;0.142871;Muy bajo;3;91102.562690;Muy bajo3;0.074188;1.964778
799;50150;CASTILLA LA NUEVA;META;0.161839;Bajo;6;51201.727888;Bajo1;0.041682;1.260839
800;50223;CUBARRAL;META;0.172439;Bajo;8;115636.976759;Bajo3;0.094148;2.056034
801;50226;CUMARAL;META;0.143340;Muy bajo;3;62169.239850;Muy bajo3;0.050632;1.775624
802;50270;EL DORADO;META;0.204254;Medio;13;11803.384591;Medio3;0.009609;0.427194
803;50287;FUENTE DE ORO;META;0.215848;Medio;14;57608.958239;Medio4;0.046878;1.319289
804;50313;GRANADA;META;0.172162;Bajo;8;33673.135247;Bajo3;0.027405;0.937719
805;50318;GUAMAL;META;0.204591;Medio;13;59936.595053;Medio3;0.048805;1.421488
806;50325;MAPIRIPÁN;META;0.201766;Medio;13;1194646.286170;Medio3;0.970518;8.197748
807;50330;MESETAS;META;0.110216;Muy bajo;1;227853.760937;Muy bajo1;0.185385;3.507543
808;50350;LA MACARENA;META;0.160594;Bajo;6;1084152.006680;Bajo1;0.881367;5.600859
809;50370;URIBE;META;0.132813;Muy bajo;2;643742.423874;Muy bajo2;0.523686;5.016884
810;50400;LEJANÍAS;META;0.133515;Muy bajo;2;82002.649440;Muy bajo2;0.066749;1.683703
811;50450;PUERTO CONCORDIA;META;0.112691;Muy bajo;1;125401.751126;Muy bajo1;0.101932;2.498239
812;50568;PUERTO GAITÁN;META;0.151512;Muy bajo;4;1727321.659660;Muy bajo4;1.404243;7.583009
813;50573;PUERTO LÓPEZ;META;0.135798;Muy bajo;2;687582.927290;Muy bajo2;0.559573;5.659986
814;50577;PUERTO LLERAS;META;0.205480;Medio;13;254892.036575;Medio3;0.207345;3.346964
815;50590;PUERTO RICO;META;0.178091;Bajo;10;337916.176561;Bajo5;0.274761;3.288219
816;50606;RESTREPO;META;0.199833;Medio;13;36908.017893;Medio3;0.030061;1.837945
817;50680;SAN CARLOS DE GUAROA;META;0.188001;Medio;11;80728.305430;Medio1;0.065716;1.500705
818;50683;SAN JUAN DE ARAMA;META;0.140383;Muy bajo;2;117996.563796;Muy bajo2;0.096013;2.259876
819;50686;SAN JUANITO;META;0.156526;Muy bajo;5;23714.725362;Muy bajo5;0.019322;0.640158
820;50689;SAN MARTÍN;META;0.131025;Muy bajo;2;594541.419148;Muy bajo2;0.483710;6.245083
821;50711;VISTAHERMOSA;META;0.171214;Bajo;8;483724.069731;Bajo3;0.393423;5.485300
822;52001;PASTO;NARIÑO;0.181475;Medio;11;107638.097834;Medio1;0.087200;1.648615
823;52019;ALBÁN (San José);NARIÑO;0.147003;Muy bajo;3;3885.105429;Muy bajo3;0.003149;0.325897
824;52022;ALDANA;NARIÑO;0.138063;Muy bajo;2;4757.240900;Muy bajo2;0.003850;0.451112
825;52036;ANCUYA;NARIÑO;0.127164;Muy bajo;1;6881.981885;Muy bajo1;0.005572;0.369595
826;52051;ARBOLEDA (Berruecos);NARIÑO;0.163237;Bajo;6;6033.617182;Bajo1;0.004889;0.367143
827;52079;BARBACOAS;NARIÑO;0.154968;Muy bajo;5;273468.289489;Muy bajo5;0.221105;3.690580
828;66400;LA VIRGINIA;RISARALDA;0.246281;Alto;16;3280.232347;Alto1;0.002672;0.253812
829;52083;BELÉN;NARIÑO;0.143723;Muy bajo;3;4183.827953;Muy bajo3;0.003391;0.362639
830;52110;BUESACO;NARIÑO;0.139986;Muy bajo;2;63608.615679;Muy bajo2;0.051543;1.183858
831;52203;COLÓN (Génova);NARIÑO;0.146366;Muy bajo;3;6176.946759;Muy bajo3;0.005007;0.447964
832;63190;CIRCASIA;QUINDÍO;0.205319;Medio;13;9148.098292;Medio3;0.007450;0.509361
833;63272;FILANDIA;QUINDÍO;0.202010;Medio;13;10386.521724;Medio3;0.008459;0.564666
834;63302;GÉNOVA;QUINDÍO;0.211451;Medio;14;29242.353020;Medio4;0.023798;0.782127
835;63401;LA TEBAIDA;QUINDÍO;0.189874;Medio;11;9086.962943;Medio1;0.007397;0.607587
836;63470;MONTENEGRO;QUINDÍO;0.217519;Medio;14;14991.665755;Medio4;0.012205;0.685635
837;63548;PIJAO;QUINDÍO;0.201435;Medio;13;25240.323750;Medio3;0.020546;0.730361
838;63594;QUIMBAYA;QUINDÍO;0.245960;Alto;16;13336.852250;Alto1;0.010859;0.617641
839;63690;SALENTO;QUINDÍO;0.178300;Bajo;10;34692.915836;Bajo5;0.028256;0.924900
840;66001;PEREIRA;RISARALDA;0.260033;Alto;17;60759.855425;Alto2;0.049489;1.888816
841;66045;APÍA;RISARALDA;0.172947;Bajo;9;14872.524023;Bajo4;0.012117;0.691260
842;66075;BALBOA;RISARALDA;0.191192;Medio;12;11995.404764;Medio2;0.009770;0.494001
843;66088;BELÉN DE UMBRÍA;RISARALDA;0.200524;Medio;13;18078.502356;Medio3;0.014732;0.577902
844;66170;DOSQUEBRADAS;RISARALDA;0.208773;Medio;14;7065.744069;Medio4;0.005756;0.358538
845;66383;LA CELIA;RISARALDA;0.179721;Bajo;10;9232.623375;Bajo5;0.007520;0.514404
846;66440;MARSELLA;RISARALDA;0.203419;Medio;13;14873.036661;Medio3;0.012117;0.594987
847;66456;MISTRATÓ;RISARALDA;0.138655;Muy bajo;2;56593.658959;Muy bajo2;0.046128;1.113563
848;66572;PUEBLO RICO;RISARALDA;0.137227;Muy bajo;2;61301.742917;Muy bajo2;0.049949;1.103698
849;66594;QUINCHÍA;RISARALDA;0.184389;Medio;11;13973.717784;Medio1;0.011391;0.466458
850;66682;SANTA ROSA DE CABAL;RISARALDA;0.200523;Medio;13;54674.447475;Medio3;0.044543;1.212893
851;66687;SANTUARIO;RISARALDA;0.162436;Bajo;6;19276.388699;Bajo1;0.015702;0.885482
852;68077;BARBOSA;SANTANDER;0.164604;Bajo;6;4755.765868;Bajo1;0.003884;0.274376
853;68001;BUCARAMANGA;SANTANDER;0.294755;Alto;19;15337.318887;Alto4;0.012552;0.660332
854;68013;AGUADA;SANTANDER;0.149614;Muy bajo;4;7556.956895;Muy bajo4;0.006174;0.482509
855;68020;ALBANIA;SANTANDER;0.168239;Bajo;7;16593.554764;Bajo2;0.013547;0.825919
856;68051;ARATOCA;SANTANDER;0.184041;Medio;11;17060.536163;Medio1;0.013949;0.657099
857;68079;BARICHARA;SANTANDER;0.158718;Muy bajo;5;13762.633084;Muy bajo5;0.011252;0.548976
858;68081;BARRANCABERMEJA;SANTANDER;0.272808;Alto;18;134545.278186;Alto3;0.110115;2.490482
859;68092;BETULIA;SANTANDER;0.168829;Bajo;8;42973.974677;Bajo3;0.035163;1.222266
860;68101;BOLIVAR;SANTANDER;0.189064;Medio;11;101218.183115;Medio1;0.082684;4.190824
861;68121;CABRERA;SANTANDER;0.239833;Medio;15;6722.138493;Medio5;0.005495;0.349405
862;68132;CALIFORNIA;SANTANDER;0.140159;Muy bajo;2;4483.279359;Muy bajo2;0.003670;0.406133
863;68209;CONFINES;SANTANDER;0.165418;Bajo;7;7162.922538;Bajo2;0.005853;0.384521
864;68211;CONTRATACIÓN;SANTANDER;0.151084;Muy bajo;4;13665.607264;Muy bajo4;0.011167;0.664894
865;68147;CAPITANEJO;SANTANDER;0.173626;Bajo;9;8404.287133;Bajo4;0.006867;0.479402
866;68217;COROMORO;SANTANDER;0.122023;Muy bajo;1;57747.104581;Muy bajo1;0.047169;1.113776
867;68229;CURITÍ;SANTANDER;0.151018;Muy bajo;4;24297.858830;Muy bajo4;0.019862;0.917020
868;68235;EL CARMEN;SANTANDER;0.218722;Medio;14;92017.195668;Medio4;0.075245;1.636806
869;68245;EL GUACAMAYO;SANTANDER;0.139750;Muy bajo;2;9342.335663;Muy bajo2;0.007633;0.592994
870;68250;EL PEÑÓN;SANTANDER;0.172548;Bajo;9;39952.701841;Bajo4;0.032637;1.086998
871;68255;EL PLAYÓN;SANTANDER;0.182346;Medio;11;45570.035720;Medio1;0.037325;1.207191
872;68152;CARCASÍ;SANTANDER;0.139514;Muy bajo;2;25797.370867;Muy bajo2;0.021082;0.685562
873;68160;CEPITÁ;SANTANDER;0.154006;Muy bajo;5;10753.274285;Muy bajo5;0.008792;0.489834
874;68162;CERRITO;SANTANDER;0.138367;Muy bajo;2;42019.788110;Muy bajo2;0.034359;0.952274
875;68167;CHARALÁ;SANTANDER;0.179901;Bajo;10;41932.595940;Bajo5;0.034252;1.654447
876;68169;CHARTA;SANTANDER;0.146809;Muy bajo;3;12637.712197;Muy bajo3;0.010344;0.582508
877;68522;PALMAR;SANTANDER;0.281242;Alto;18;1980.316702;Alto3;0.001619;0.256182
878;68176;CHIMA;SANTANDER;0.144702;Muy bajo;3;17249.354104;Muy bajo3;0.014096;0.618968
879;68179;CHIPATÁ;SANTANDER;0.200439;Medio;13;9543.341961;Medio3;0.007795;0.425593
880;68190;CIMITARRA;SANTANDER;0.135282;Muy bajo;2;317214.497821;Muy bajo2;0.259284;2.970743
881;68207;CONCEPCIÓN;SANTANDER;0.146736;Muy bajo;3;33713.250668;Muy bajo3;0.027559;1.112680
882;68264;ENCINO;SANTANDER;0.138077;Muy bajo;2;39730.450062;Muy bajo2;0.032445;0.993028
883;68266;ENCISO;SANTANDER;0.152767;Muy bajo;4;7461.819727;Muy bajo4;0.006099;0.442891
884;68271;FLORIÁN;SANTANDER;0.153527;Muy bajo;5;17494.693791;Muy bajo5;0.014284;0.865758
885;68276;FLORIDABLANCA;SANTANDER;0.167716;Bajo;7;9885.089830;Bajo2;0.008088;0.504661
886;68296;GALÁN;SANTANDER;0.171371;Bajo;8;20155.388563;Bajo3;0.016480;0.661949
887;68298;GÁMBITA;SANTANDER;0.172568;Bajo;9;58846.235838;Bajo4;0.048049;1.389306
888;68307;GIRÓN;SANTANDER;0.164970;Bajo;7;49639.371540;Bajo2;0.040617;1.931203
889;68318;GUACA;SANTANDER;0.140786;Muy bajo;2;30403.563385;Muy bajo2;0.024866;0.899380
890;68320;GUADALUPE;SANTANDER;0.172621;Bajo;9;14543.553008;Bajo4;0.011882;0.574977
891;68322;GUAPOTÁ;SANTANDER;0.176677;Bajo;10;6712.150613;Bajo5;0.005485;0.353192
892;68324;GUAVATÁ;SANTANDER;0.157657;Muy bajo;5;8318.427303;Muy bajo5;0.006793;0.438113
893;68327;GÜEPSA;SANTANDER;0.242628;Alto;16;3011.219256;Alto1;0.002459;0.288826
894;68344;HATO;SANTANDER;0.209623;Medio;14;17000.665575;Medio4;0.013898;0.587390
895;68368;JESÚS MARÍA;SANTANDER;0.160205;Muy bajo;5;8990.149179;Muy bajo5;0.007341;0.676863
896;68370;JORDÁN;SANTANDER;0.222541;Medio;15;3982.172530;Medio5;0.003256;0.356141
897;68377;LA BELLEZA;SANTANDER;0.123372;Muy bajo;1;33753.878858;Muy bajo1;0.027565;1.169630
898;68385;LANDÁZURI;SANTANDER;0.148647;Muy bajo;3;59580.234349;Muy bajo3;0.048691;1.722144
899;68397;LA PAZ;SANTANDER;0.172659;Bajo;9;28366.725723;Bajo4;0.023177;0.924783
900;68406;LEBRIJA;SANTANDER;0.188539;Medio;11;55043.231314;Medio1;0.045056;1.443934
901;68418;LOS SANTOS;SANTANDER;0.152594;Muy bajo;4;28989.215722;Muy bajo4;0.023707;0.642883
902;68425;MACARAVITA;SANTANDER;0.136140;Muy bajo;2;10427.744985;Muy bajo2;0.008519;0.487614
903;68432;MÁLAGA;SANTANDER;0.182323;Medio;11;5839.748187;Medio1;0.004774;0.338804
904;68444;MATANZA;SANTANDER;0.180725;Medio;11;23615.816134;Medio1;0.019334;0.787333
905;68464;MOGOTES;SANTANDER;0.159309;Muy bajo;5;48455.869289;Muy bajo5;0.039598;1.115998
906;68468;MOLAGAVITA;SANTANDER;0.186778;Medio;11;18034.343925;Medio1;0.014741;0.594394
907;68498;OCAMONTE;SANTANDER;0.159204;Muy bajo;5;7522.614885;Muy bajo5;0.006147;0.398492
908;68500;OIBA;SANTANDER;0.171152;Bajo;8;28614.463350;Bajo3;0.023376;0.793693
909;68502;ONZAGA;SANTANDER;0.137034;Muy bajo;2;48941.535696;Muy bajo2;0.039979;1.220691
910;68524;PALMAS DEL SOCORRO;SANTANDER;0.186417;Medio;11;5938.486635;Medio1;0.004853;0.316861
911;68549;PINCHOTE;SANTANDER;0.252283;Alto;17;5468.005897;Alto2;0.004469;0.304226
912;68572;PUENTE NACIONAL;SANTANDER;0.180833;Medio;11;25461.690777;Medio1;0.020789;0.801286
913;68573;PUERTO PARRA;SANTANDER;0.159610;Muy bajo;5;76163.393498;Muy bajo5;0.062288;1.997824
914;68575;PUERTO WILCHES;SANTANDER;0.253158;Alto;17;150128.686449;Alto2;0.123010;3.291618
915;68615;RIONEGRO;SANTANDER;0.219290;Medio;14;118502.967701;Medio4;0.097061;2.987128
916;68655;SABANA DE TORRES;SANTANDER;0.215266;Medio;14;140035.413961;Medio4;0.114689;2.167237
917;68533;PÁRAMO;SANTANDER;0.153069;Muy bajo;5;7396.909818;Muy bajo5;0.006045;0.476391
918;68547;PIEDECUESTA;SANTANDER;0.148380;Muy bajo;3;48397.509722;Muy bajo3;0.039589;1.203031
919;68669;SAN ANDRÉS;SANTANDER;0.135264;Muy bajo;2;28060.263977;Muy bajo2;0.022942;0.879581
920;68673;SAN BENITO;SANTANDER;0.311338;Alto;19;5810.743299;Alto4;0.004746;0.397470
921;73236;DOLORES;TOLIMA;0.177202;Bajo;10;65267.417063;Bajo5;0.053117;1.829295
922;68679;SAN GIL;SANTANDER;0.231076;Medio;15;14827.205397;Medio5;0.012119;0.706871
923;73319;GUAMO;TOLIMA;0.192512;Medio;12;50546.081647;Medio2;0.041155;1.123970
924;73347;HERVEO;TOLIMA;0.172303;Bajo;8;32317.778429;Bajo3;0.026345;0.988660
925;68682;SAN JOAQUÍN;SANTANDER;0.156736;Muy bajo;5;14368.031791;Muy bajo5;0.011740;0.590151
926;68684;SAN JOSÉ DE MIRANDA;SANTANDER;0.179426;Bajo;10;7591.671688;Bajo5;0.006205;0.375847
927;68686;SAN MIGUEL;SANTANDER;0.133275;Muy bajo;2;7105.849407;Muy bajo2;0.005806;0.387994
928;68689;SAN VICENTE DE CHUCURÍ;SANTANDER;0.145288;Muy bajo;3;109866.211982;Muy bajo3;0.089879;2.331283
929;68705;SANTA BÁRBARA;SANTANDER;0.125610;Muy bajo;1;22131.843104;Muy bajo1;0.018103;0.855911
930;68720;SANTA HELENA DEL OPÓN;SANTANDER;0.159267;Muy bajo;5;37454.449720;Muy bajo5;0.030612;0.944808
931;68745;SIMACOTA;SANTANDER;0.141059;Muy bajo;2;90685.231014;Muy bajo2;0.074155;3.133649
932;68755;SOCORRO;SANTANDER;0.177796;Bajo;10;12735.072922;Bajo5;0.010408;0.466126
933;68770;SUAITA;SANTANDER;0.141298;Muy bajo;2;28487.501793;Muy bajo2;0.023269;0.889041
934;68773;SUCRE;SANTANDER;0.137429;Muy bajo;2;52140.341882;Muy bajo2;0.042585;1.647717
935;68780;SURATÁ;SANTANDER;0.159554;Muy bajo;5;36335.300654;Muy bajo5;0.029755;1.202523
936;68820;TONA;SANTANDER;0.147484;Muy bajo;3;33123.900025;Muy bajo3;0.027106;0.844948
937;73148;CARMEN DE APICALÁ;TOLIMA;0.241601;Alto;16;19056.721892;Alto1;0.015519;0.712078
938;73152;CASABIANCA;TOLIMA;0.152989;Muy bajo;4;17659.786559;Muy bajo4;0.014395;1.031138
939;73168;CHAPARRAL;TOLIMA;0.176082;Bajo;9;210531.006794;Bajo4;0.171273;2.459627
940;73200;COELLO;TOLIMA;0.195525;Medio;12;34170.664533;Medio2;0.027833;1.209691
941;73217;COYAIMA;TOLIMA;0.173946;Bajo;9;66343.229178;Bajo4;0.053991;1.394264
942;73226;CUNDAY;TOLIMA;0.171788;Bajo;8;50789.427216;Bajo3;0.041354;1.220612
943;73268;ESPINAL;TOLIMA;0.258931;Alto;17;21742.683356;Alto2;0.017706;0.760369
944;73270;FALAN;TOLIMA;0.195717;Medio;12;18151.362647;Medio2;0.014799;0.818485
945;73275;FLANDES;TOLIMA;0.305829;Alto;19;9740.408861;Alto4;0.007933;0.502480
946;73520;PALOCABILDO;TOLIMA;0.205181;Medio;13;6529.901590;Medio3;0.005324;0.334631
947;73547;PIEDRAS;TOLIMA;0.277655;Alto;18;35660.500979;Alto3;0.029051;1.298899
948;73555;PLANADAS;TOLIMA;0.196864;Medio;12;175583.807094;Medio2;0.142717;2.059971
949;91405;LA CHORRERA;AMAZONAS;0.423191;Alto;20;1272692.858610;Alto5;1.033583;9.105089
950;73283;FRESNO;TOLIMA;0.224081;Medio;15;21843.911454;Medio5;0.017812;0.795049
951;73349;HONDA;TOLIMA;0.282408;Alto;18;30403.280636;Alto3;0.024795;1.005285
952;91407;LA PEDRERA;AMAZONAS;0.605910;Muy alto;24;1367031.650800;Muy alto4;1.105198;7.376082
953;91430;LA VICTORIA (Pacoa);AMAZONAS;0.633891;Muy alto;24;143279.497924;Muy alto4;0.116086;2.483170
954;73352;ICONONZO;TOLIMA;0.228797;Medio;15;21655.900696;Medio5;0.017637;0.778101
955;73408;LÉRIDA;TOLIMA;0.235725;Medio;15;27263.193647;Medio5;0.022222;0.930560
956;73411;LÍBANO;TOLIMA;0.244352;Alto;16;28474.038768;Alto1;0.023208;0.846206
957;91460;MIRITÍ-PARANÁ (Campoamor);AMAZONAS;0.563711;Muy alto;23;1686611.977910;Muy alto3;1.366866;6.448395
958;91530;PUERTO ALEGRÍA;AMAZONAS;0.427006;Muy alto;21;849412.820841;Muy alto1;0.690133;4.777815
959;91536;PUERTO ARICA;AMAZONAS;0.602404;Muy alto;24;1379081.389950;Muy alto4;1.118009;8.692202
960;73443;MARIQUITA;TOLIMA;0.233622;Medio;15;29437.957772;Medio5;0.024008;0.766727
961;73449;MELGAR;TOLIMA;0.301731;Alto;19;20265.188639;Alto4;0.016505;0.928790
962;91798;TARAPACÁ;AMAZONAS;0.664090;Muy alto;24;919547.606980;Muy alto4;0.743966;5.220999
963;94001;INÍRIDA;GUAINÍA;0.253527;Alto;17;1597490.342760;Alto2;1.287363;9.248260
964;94343;BARRANCO MINA;GUAINÍA;0.452114;Muy alto;22;946780.406389;Muy alto2;0.765256;6.825914
965;94663;MAPIRIPANA;GUAINÍA;0.487561;Muy alto;22;492396.698821;Muy alto2;0.398711;4.992697
966;94883;SAN FELIPE;GUAINÍA;0.405724;Alto;20;292767.589936;Alto5;0.234717;4.067404
967;94884;PUERTO COLOMBIA;GUAINÍA;0.361532;Alto;20;1569223.849380;Alto5;1.262611;9.128900
968;73461;MURILLO;TOLIMA;0.190446;Medio;11;42036.794025;Medio1;0.034256;0.965273
969;73483;NATAGAIMA;TOLIMA;0.259554;Alto;17;86067.755021;Alto2;0.070029;1.613020
970;73504;ORTEGA;TOLIMA;0.214500;Medio;14;94636.156205;Medio4;0.077026;1.476004
971;73624;ROVIRA;TOLIMA;0.162554;Bajo;6;73966.811448;Bajo1;0.060220;1.416325
972;91540;PUERTO NARIÑO;AMAZONAS;0.413022;Alto;20;150841.695090;Alto5;0.122302;1.964654
973;91669;SANTANDER (Araracuara);AMAZONAS;0.460255;Muy alto;22;1473123.539630;Muy alto2;1.195246;10.633235
974;94885;LA GUADALUPE;GUAINÍA;0.492137;Muy alto;23;117267.996097;Muy alto3;0.093843;1.712664
975;94886;CACAHUAL;GUAINÍA;0.442040;Muy alto;21;233499.805536;Muy alto1;0.187583;2.363952
976;94887;PANÁ-PANÁ (Campo Alegre);GUAINÍA;0.465541;Muy alto;22;1022653.405420;Muy alto2;0.825044;7.829804
977;94888;MORICHAL (Morichal Nuevo);GUAINÍA;0.448734;Muy alto;21;855389.882711;Muy alto1;0.691699;6.928774
978;95001;SAN JOSÉ DEL GUAVIARE;GUAVIARE;0.165249;Bajo;7;1678265.637590;Bajo2;1.362480;14.056576
979;95015;CALAMAR;GUAVIARE;0.196500;Medio;12;1355986.743730;Medio2;1.101654;7.475811
980;95025;EL RETORNO;GUAVIARE;0.169935;Bajo;8;1242885.455740;Bajo3;1.008215;11.983479
981;95200;MIRAFLORES;GUAVIARE;0.203490;Medio;13;1280773.769590;Medio3;1.039433;7.436530
982;97001;MITÚ;VAUPÉS;0.292605;Alto;18;1620483.624620;Alto3;1.311297;6.311977
983;97161;CARURÚ;VAUPÉS;0.349401;Alto;20;636849.765058;Alto5;0.516273;4.617910
984;97511;PACOA (Cor. Departamental);VAUPÉS;1.000000;Muy alto;25;1399237.823100;Muy alto5;1.133243;9.177166
985;97666;TARAIRA;VAUPÉS;0.303039;Alto;19;650801.079314;Alto4;0.525940;6.709307
986;97777;PAPUNAUA(Cor. Departamental);VAUPÉS;0.988118;Muy alto;25;555087.504255;Muy alto5;0.449587;5.428250
987;97889;YAVARATÉ  (Cor. Departamental);VAUPÉS;0.553337;Muy alto;23;466580.771761;Muy alto3;0.376780;3.980556
988;99001;PUERTO CARREÑO;VICHADA;0.191068;Medio;12;1220566.044000;Medio2;0.985917;5.474851
989;99524;LA PRIMAVERA;VICHADA;0.206009;Medio;13;1837186.980360;Medio3;1.490258;7.569261
990;99624;SANTA ROSALÍA;VICHADA;0.235353;Medio;15;391472.953853;Medio5;0.318045;3.399736
991;99773;CUMARIBO;VICHADA;0.181316;Medio;11;6559847.194080;Medio1;5.308483;18.874234
992;73563;PRADO;TOLIMA;0.182709;Medio;11;41809.622613;Medio1;0.034030;1.080812
993;73585;PURIFICACIÓN;TOLIMA;0.198472;Medio;13;40623.657555;Medio3;0.033069;1.381688
994;73616;RIOBLANCO;TOLIMA;0.163881;Bajo;6;204944.473417;Bajo1;0.166635;2.182635
995;73622;RONCESVALLES;TOLIMA;0.157415;Muy bajo;5;77052.973807;Muy bajo5;0.062711;1.354110
996;73671;SALDAÑA;TOLIMA;0.206684;Medio;13;19936.811849;Medio3;0.016229;0.769920
997;73675;SAN ANTONIO;TOLIMA;0.196000;Medio;12;39372.211411;Medio2;0.032041;1.054866
998;73678;SAN LUIS;TOLIMA;0.176424;Bajo;10;41143.515176;Bajo5;0.033499;1.513413
999;76318;GUACARÍ;VALLE DEL CAUCA;0.211855;Medio;14;16319.227259;Medio4;0.013266;0.729544
1000;76364;JAMUNDÍ;VALLE DEL CAUCA;0.223151;Medio;15;63321.154582;Medio5;0.051419;1.631948
1001;76377;LA CUMBRE;VALLE DEL CAUCA;0.192542;Medio;12;25479.652639;Medio2;0.020702;0.956611
1002;76403;LA VICTORIA;VALLE DEL CAUCA;0.241044;Alto;16;26498.314047;Alto1;0.021568;0.865479
1003;73686;SANTA ISABEL;TOLIMA;0.201354;Medio;13;26997.733346;Medio3;0.021997;1.162769
1004;73770;SUÁREZ;TOLIMA;0.265249;Alto;17;18954.101847;Alto2;0.015433;0.959664
1005;91001;LETICIA;AMAZONAS;0.418539;Alto;20;618188.244930;Alto5;0.500661;3.870708
1006;91263;EL ENCANTO;AMAZONAS;0.418654;Alto;20;1089982.443860;Alto5;0.885516;8.287696
1007;73854;VALLE DE SAN JUAN;TOLIMA;0.210982;Medio;14;19835.524044;Medio4;0.016151;0.642158
1008;73861;VENADILLO;TOLIMA;0.218993;Medio;14;34089.682251;Medio4;0.027780;1.031832
1009;73870;VILLAHERMOSA;TOLIMA;0.210229;Medio;14;28092.871994;Medio4;0.022898;0.923048
1010;73873;VILLARRICA;TOLIMA;0.204129;Medio;13;43027.073751;Medio3;0.035030;0.932112
1011;76001;CALI;VALLE DEL CAUCA;0.430238;Muy alto;21;55738.436669;Muy alto1;0.045274;1.100013
1012;76020;ALCALÁ;VALLE DEL CAUCA;0.282148;Alto;18;6356.737446;Alto3;0.005176;0.440231
1013;76036;ANDALUCÍA;VALLE DEL CAUCA;0.241176;Alto;16;11103.673613;Alto1;0.009032;0.643050
1014;76041;ANSERMANUEVO;VALLE DEL CAUCA;0.246406;Alto;16;30432.344948;Alto1;0.024779;0.932840
1015;76054;ARGELIA;VALLE DEL CAUCA;0.229540;Medio;15;9044.087568;Medio5;0.007362;0.424158
1016;76100;BOLÍVAR;VALLE DEL CAUCA;0.240668;Alto;16;74276.851099;Alto1;0.060417;1.473351
1017;76109;BUENAVENTURA;VALLE DEL CAUCA;0.148461;Muy bajo;3;627861.199962;Muy bajo3;0.509658;6.313900
1018;76111;BUGA;VALLE DEL CAUCA;0.351820;Alto;20;82180.546117;Alto5;0.066827;1.927630
1019;76113;BUGALAGRANDE;VALLE DEL CAUCA;0.343288;Alto;20;39610.199718;Alto5;0.032224;0.959517
1020;76122;CAICEDONIA;VALLE DEL CAUCA;0.273235;Alto;18;16711.177055;Alto3;0.013601;0.642359
1021;76126;CALIMA (El Darién);VALLE DEL CAUCA;0.217494;Medio;14;79808.373775;Medio4;0.064858;1.496547
1022;76130;CANDELARIA;VALLE DEL CAUCA;0.354875;Alto;20;29416.380216;Alto5;0.023900;0.828198
1023;76147;CARTAGO;VALLE DEL CAUCA;0.489864;Muy alto;22;24741.751383;Muy alto2;0.020146;0.879586
1024;76233;DAGUA;VALLE DEL CAUCA;0.216887;Medio;14;91941.566062;Medio4;0.074682;1.649220
1025;76243;EL ÁGUILA;VALLE DEL CAUCA;0.218500;Medio;14;18699.785194;Medio4;0.015228;0.707177
1026;76246;EL CAIRO;VALLE DEL CAUCA;0.242491;Alto;16;21233.231592;Alto1;0.017284;0.575819
1027;76248;EL CERRITO;VALLE DEL CAUCA;0.242810;Alto;16;44194.123607;Alto1;0.035926;1.464412
1028;76250;EL DOVIO;VALLE DEL CAUCA;0.221078;Medio;14;20625.034660;Medio4;0.016782;0.829122
1029;76275;FLORIDA;VALLE DEL CAUCA;0.227084;Medio;15;40387.258903;Medio5;0.032820;1.000322
1030;76306;GINEBRA;VALLE DEL CAUCA;0.264863;Alto;17;26795.010271;Alto2;0.021784;0.738431
1031;76497;OBANDO;VALLE DEL CAUCA;0.246103;Alto;16;21479.247414;Alto1;0.017486;0.700830
1032;76400;LA UNIÓN;VALLE DEL CAUCA;0.236065;Medio;15;12009.520483;Medio5;0.009774;0.510609
1033;76520;PALMIRA;VALLE DEL CAUCA;0.306423;Alto;19;100446.871153;Alto4;0.081641;1.973652
1034;76563;PRADERA;VALLE DEL CAUCA;0.198868;Medio;13;35728.738930;Medio3;0.029038;0.917969
1035;76606;RESTREPO;VALLE DEL CAUCA;0.222655;Medio;15;13585.938797;Medio5;0.011041;0.542356
1036;76616;RIOFRÍO;VALLE DEL CAUCA;0.203036;Medio;13;30731.144815;Medio3;0.024989;0.969999
1037;68855;VALLE DE SAN JOSÉ;SANTANDER;0.234128;Medio;15;7986.407959;Medio5;0.006526;0.356740
1038;76622;ROLDANILLO;VALLE DEL CAUCA;0.241705;Alto;16;23522.652538;Alto1;0.019141;0.801174
1039;76670;SAN PEDRO;VALLE DEL CAUCA;0.230952;Medio;15;21073.676266;Medio5;0.017137;0.744047
1040;76736;SEVILLA;VALLE DEL CAUCA;0.197987;Medio;12;53936.748166;Medio2;0.043889;1.652356
1041;68867;VETAS;SANTANDER;0.154070;Muy bajo;5;9255.388784;Muy bajo5;0.007576;0.403728
1042;70001;SINCELEJO;SUCRE;0.190991;Medio;12;27803.715432;Medio2;0.022869;1.008607
1043;70110;BUENAVISTA;SUCRE;0.199123;Medio;13;11996.438711;Medio3;0.009871;0.792236
1044;70124;CAIMITO;SUCRE;0.170421;Bajo;8;42305.878597;Bajo3;0.034755;1.291737
1045;76823;TORO;VALLE DEL CAUCA;0.212022;Medio;14;17820.571343;Medio4;0.014506;0.650696
1046;76828;TRUJILLO;VALLE DEL CAUCA;0.229544;Medio;15;30727.772085;Medio5;0.024991;0.833057
1047;76834;TULUÁ;VALLE DEL CAUCA;0.231554;Medio;15;90284.489146;Medio5;0.073439;1.851755
1048;70204;COLOSÓ;SUCRE;0.145565;Muy bajo;3;13044.848622;Muy bajo3;0.010737;0.705557
1049;70215;COROZAL;SUCRE;0.231782;Medio;15;27178.831192;Medio5;0.022351;1.319874
1050;76845;ULLOA;VALLE DEL CAUCA;0.203061;Medio;13;4236.198393;Medio3;0.003450;0.420876
1051;76863;VERSALLES;VALLE DEL CAUCA;0.223195;Medio;15;23115.926124;Medio5;0.018813;0.858991
1052;76869;VIJES;VALLE DEL CAUCA;0.242621;Alto;16;11264.859126;Alto1;0.009155;0.573912
1053;76890;YOTOCO;VALLE DEL CAUCA;0.224044;Medio;15;32752.780212;Medio5;0.026625;1.309578
1054;76892;YUMBO;VALLE DEL CAUCA;0.329751;Alto;19;23185.623713;Alto4;0.018838;0.728090
1055;76895;ZARZAL;VALLE DEL CAUCA;0.309811;Alto;19;36800.721618;Alto4;0.029946;1.158444
1056;81001;ARAUCA;ARAUCA;0.257026;Alto;17;578685.940012;Alto2;0.471533;4.608253
1057;81065;ARAUQUITA;ARAUCA;0.150784;Muy bajo;4;307737.349773;Muy bajo4;0.251146;3.003559
1058;81220;CRAVO NORTE;ARAUCA;0.239988;Medio;15;519181.370227;Medio5;0.422243;3.907328
1059;81300;FORTUL;ARAUCA;0.148548;Muy bajo;3;115121.528148;Muy bajo3;0.094002;2.039829
1060;81591;PUERTO RONDÓN;ARAUCA;0.187541;Medio;11;228793.631170;Medio1;0.186465;2.772210
1061;81736;SARAVENA;ARAUCA;0.198605;Medio;13;94371.449587;Medio3;0.077101;1.286305
1062;81794;TAME;ARAUCA;0.161392;Bajo;6;538132.588215;Bajo1;0.439141;3.909934
1063;85001;YOPAL;CASANARE;0.158113;Muy bajo;5;248580.496738;Muy bajo5;0.202570;2.968558
1064;85010;AGUAZUL;CASANARE;0.169824;Bajo;8;144501.416685;Bajo3;0.117769;2.241330
1065;85015;CHÁMEZA;CASANARE;0.161938;Bajo;6;31976.281001;Bajo1;0.026072;0.997438
1066;85125;HATO COROZAL;CASANARE;0.172943;Bajo;9;549850.511193;Bajo4;0.447964;7.625467
1067;85136;LA SALINA;CASANARE;0.162336;Bajo;6;20308.114440;Bajo1;0.016577;0.826183
1068;85139;MANÍ;CASANARE;0.154154;Muy bajo;5;373361.226174;Muy bajo5;0.303984;3.856073
1069;85162;MONTERREY;CASANARE;0.174401;Bajo;9;77607.625046;Bajo4;0.063240;1.428775
1070;85225;NUNCHÍA;CASANARE;0.225253;Medio;15;110732.461118;Medio5;0.090261;1.993946
1071;85230;OROCUÉ;CASANARE;0.160819;Bajo;6;473623.935120;Bajo1;0.385431;4.024824
1072;85250;PAZ DE ARIPORO;CASANARE;0.171535;Bajo;8;1212899.962260;Bajo3;0.987107;8.475030
1073;85263;PORE;CASANARE;0.168583;Bajo;7;78063.068926;Bajo2;0.063632;1.707376
1074;85279;RECETOR;CASANARE;0.189124;Medio;11;18210.105073;Medio1;0.014847;0.644338
1075;85300;SABANALARGA;CASANARE;0.178060;Bajo;10;39843.988868;Bajo5;0.032469;1.072205
1076;85315;SÁCAMA;CASANARE;0.157864;Muy bajo;5;31194.051879;Muy bajo5;0.025454;1.049549
1077;85325;SAN LUIS DE PALENQUE;CASANARE;0.157277;Muy bajo;5;299099.333750;Muy bajo5;0.243515;5.224377
1078;85400;TÁMARA;CASANARE;0.156781;Muy bajo;5;109425.720240;Muy bajo5;0.089260;1.707527
1079;85410;TAURAMENA;CASANARE;0.145203;Muy bajo;3;238376.383866;Muy bajo3;0.194171;4.055435
1080;85430;TRINIDAD;CASANARE;0.176622;Bajo;10;294970.884444;Bajo5;0.240050;4.968516
1081;85440;VILLANUEVA;CASANARE;0.176020;Bajo;9;83667.454741;Bajo4;0.068147;1.999847
1082;86001;MOCOA;PUTUMAYO;0.180269;Medio;11;133445.870005;Medio1;0.108212;2.380968
1083;86219;COLÓN;PUTUMAYO;0.165183;Bajo;7;6451.416692;Bajo2;0.005229;0.419906
1084;86320;ORITO;PUTUMAYO;0.252833;Alto;17;193637.299376;Alto2;0.156927;2.114922
1085;86568;PUERTO ASÍS;PUTUMAYO;0.346703;Alto;20;281967.693739;Alto5;0.228722;3.616445
1086;86569;PUERTO CAICEDO;PUTUMAYO;0.319823;Alto;19;92623.280539;Alto4;0.075120;1.572474
1087;86571;PUERTO GUZMÁN;PUTUMAYO;0.228969;Medio;15;454445.695529;Medio5;0.368852;4.476980
1088;86573;PUERTO LEGUÍZAMO;PUTUMAYO;0.253901;Alto;17;1089961.350010;Alto2;0.885168;7.564720
1089;86749;SIBUNDOY;PUTUMAYO;0.169124;Bajo;8;9772.332796;Bajo3;0.007921;0.509052
1090;86755;SAN FRANCISCO;PUTUMAYO;0.145922;Muy bajo;3;40795.240424;Muy bajo3;0.033071;1.168216
1091;86757;SAN MIGUEL (La Dorada);PUTUMAYO;0.277147;Alto;18;38801.720993;Alto3;0.031449;1.325754
1092;86760;SANTIAGO;PUTUMAYO;0.205992;Medio;13;33972.870997;Medio3;0.027532;0.954301
1093;86865;VALLE DEL GUAMUEZ (La Hormiga);PUTUMAYO;0.276977;Alto;18;81870.343132;Alto3;0.066353;1.703331
1094;86885;VILLAGARZÓN;PUTUMAYO;0.382198;Alto;20;139959.150354;Alto5;0.113470;1.830142
1095;88001;SAN ANDRÉS;SAN ANDRÉS PROVIDENCIA Y SANTA CATALINA;1.000000;Muy alto;25;2730.047591;Muy alto5;0.002232;0.358011
1096;88564;SAN ANDRES Y  PROVIDENCIA (Santa Isabel);SAN ANDRÉS PROVIDENCIA Y SANTA CATALINA;0.323970;Alto;19;2241.457753;Alto4;0.001842;0.294393
1097;70233;EL ROBLE;SUCRE;0.147397;Muy bajo;3;20162.429965;Muy bajo3;0.016576;1.224607
1098;70235;GALERAS;SUCRE;0.157668;Muy bajo;5;31021.307868;Muy bajo5;0.025511;0.986654
1099;70265;GUARANDA;SUCRE;0.182001;Medio;11;34630.380790;Medio1;0.028427;1.318973
1100;70400;LA UNIÓN;SUCRE;0.221997;Medio;14;23933.272681;Medio4;0.019661;1.051755
1101;70418;LOS PALMITOS;SUCRE;0.150053;Muy bajo;4;20372.364234;Muy bajo4;0.016765;0.775642
1102;70429;MAJAGUAL;SUCRE;0.175459;Bajo;9;87754.193790;Bajo4;0.072063;1.729097
1103;70473;MORROA;SUCRE;0.169991;Bajo;8;18039.197569;Bajo3;0.014842;0.613322
1104;70508;OVEJAS;SUCRE;0.151004;Muy bajo;4;44532.134889;Muy bajo4;0.036660;1.249452
1105;70523;PALMITO;SUCRE;0.152963;Muy bajo;4;15871.286957;Muy bajo4;0.013054;0.542824
1106;70670;SAMPUÉS;SUCRE;0.167259;Bajo;7;21691.932259;Bajo2;0.017836;0.962025
1107;70678;SAN BENITO ABAD;SUCRE;0.173387;Bajo;9;160052.233628;Bajo4;0.131513;2.991126
1108;70702;SAN JUAN DE BETULIA (Betulia);SUCRE;0.195050;Medio;12;16568.950399;Medio2;0.013630;0.720987
1109;70708;SAN MARCOS;SUCRE;0.175456;Bajo;9;97067.508139;Bajo4;0.079698;1.378934
1110;70713;SAN ONOFRE;SUCRE;0.175693;Bajo;9;103744.481420;Bajo4;0.085450;2.000756
1111;70717;SAN PEDRO;SUCRE;0.177832;Bajo;10;21301.166200;Bajo5;0.017530;0.736399
1112;70742;SINCÉ;SUCRE;0.190477;Medio;11;45754.745596;Medio1;0.037637;1.336988
1113;70771;SUCRE;SUCRE;0.203267;Medio;13;109869.389260;Medio3;0.090286;2.035616
1114;70820;TOLÚ;SUCRE;0.191790;Medio;12;31116.876835;Medio2;0.025608;0.983695
1115;70823;TOLUVIEJO;SUCRE;0.176724;Bajo;10;28547.194702;Bajo5;0.023492;1.014876
1116;73001;IBAGUÉ;TOLIMA;0.227700;Medio;15;137778.764397;Medio5;0.112215;2.385428
1117;73024;ALPUJARRA;TOLIMA;0.176826;Bajo;10;50148.014275;Bajo5;0.040801;1.020121
1118;73026;ALVARADO;TOLIMA;0.233286;Medio;15;33785.930413;Medio5;0.027527;0.974407
1119;73030;AMBALEMA;TOLIMA;0.280409;Alto;18;23804.866026;Alto3;0.019403;0.932137
1120;73043;ANZOÁTEGUI;TOLIMA;0.141464;Muy bajo;2;46992.201856;Muy bajo2;0.038284;1.197976
1121;73055;ARMERO (Guayabal);TOLIMA;0.241102;Alto;16;43925.714109;Alto1;0.035812;1.357700
1122;73067;ATACO;TOLIMA;0.203612;Medio;13;101495.546614;Medio3;0.082550;2.130987
